zone,year,month,tarikh_hijri,imsak,fajar,syuruk,dhuha,zohor,asar,maghrib,isyak,updated_date,created_date
TRG01,2027,01,1448-07-22,1798753980,1798754580,1798758960,1798760460,1798780380,1798792500,1798801620,1798806060,2026-06-19T11:58:35.751124Z,2026-06-19T11:58:35.751124Z
TRG01,2027,01,1448-07-23,1798840380,1798840980,1798845420,1798846920,1798866780,1798878900,1798888020,1798892520,2026-06-19T11:58:35.751124Z,2026-06-19T11:58:35.751124Z
TRG01,2027,01,1448-07-24,1798926840,1798927440,1798931820,1798933320,1798953240,1798965360,1798974480,1798978920,2026-06-19T11:58:35.751124Z,2026-06-19T11:58:35.751124Z
TRG01,2027,01,1448-07-25,1799013240,1799013840,1799018280,1799019780,1799039640,1799051760,1799060880,1799065380,2026-06-19T11:58:35.751124Z,2026-06-19T11:58:35.751124Z
TRG01,2027,01,1448-07-26,1799099640,1799100240,1799104680,1799106180,1799126100,1799138160,1799147340,1799151780,2026-06-19T11:58:35.751124Z,2026-06-19T11:58:35.751124Z
TRG01,2027,01,1448-07-27,1799186100,1799186700,1799191080,1799192580,1799212500,1799224620,1799233740,1799238240,2026-06-19T11:58:35.751124Z,2026-06-19T11:58:35.751124Z
TRG01,2027,01,1448-07-28,1799272500,1799273100,1799277540,1799279040,1799298960,1799311020,1799320200,1799324640,2026-06-19T11:58:35.751124Z,2026-06-19T11:58:35.751124Z
TRG01,2027,01,1448-07-29,1799358960,1799359560,1799363940,1799365440,1799385360,1799397480,1799406600,1799411040,2026-06-19T11:58:35.751124Z,2026-06-19T11:58:35.751124Z
TRG01,2027,01,1448-07-30,1799445360,1799445960,1799450400,1799451900,1799471820,1799483880,1799493060,1799497500,2026-06-19T11:58:35.751124Z,2026-06-19T11:58:35.751124Z
TRG01,2027,01,1448-08-01,1799531820,1799532420,1799536800,1799538300,1799558220,1799570340,1799579460,1799583900,2026-06-19T11:58:35.751124Z,2026-06-19T11:58:35.751124Z
TRG01,2027,01,1448-08-02,1799618220,1799618820,1799623200,1799624700,1799644620,1799656740,1799665920,1799670360,2026-06-19T11:58:35.751124Z,2026-06-19T11:58:35.751124Z
TRG01,2027,01,1448-08-03,1799704680,1799705280,1799709660,1799711160,1799731080,1799743140,1799752320,1799756760,2026-06-19T11:58:35.751124Z,2026-06-19T11:58:35.751124Z
TRG01,2027,01,1448-08-04,1799791080,1799791680,1799796060,1799797560,1799817480,1799829600,1799838720,1799843160,2026-06-19T11:58:35.751124Z,2026-06-19T11:58:35.751124Z
TRG01,2027,01,1448-08-05,1799877480,1799878080,1799882460,1799883960,1799903940,1799916000,1799925180,1799929620,2026-06-19T11:58:35.751124Z,2026-06-19T11:58:35.751124Z
TRG01,2027,01,1448-08-06,1799963940,1799964540,1799968860,1799970360,1799990340,1800002460,1800011580,1800016020,2026-06-19T11:58:35.751124Z,2026-06-19T11:58:35.751124Z
TRG01,2027,01,1448-08-07,1800050340,1800050940,1800055320,1800056820,1800076740,1800088860,1800098040,1800102420,2026-06-19T11:58:35.751124Z,2026-06-19T11:58:35.751124Z
TRG01,2027,01,1448-08-08,1800136740,1800137340,1800141720,1800143220,1800163200,1800175260,1800184440,1800188880,2026-06-19T11:58:35.751124Z,2026-06-19T11:58:35.751124Z
TRG01,2027,01,1448-08-09,1800223200,1800223800,1800228120,1800229620,1800249600,1800261720,1800270900,1800275280,2026-06-19T11:58:35.751124Z,2026-06-19T11:58:35.751124Z
TRG01,2027,01,1448-08-10,1800309600,1800310200,1800314520,1800316020,1800336000,1800348120,1800357300,1800361680,2026-06-19T11:58:35.751124Z,2026-06-19T11:58:35.751124Z
TRG01,2027,01,1448-08-11,1800396000,1800396600,1800400980,1800402480,1800422460,1800434520,1800443700,1800448140,2026-06-19T11:58:35.751124Z,2026-06-19T11:58:35.751124Z
TRG01,2027,01,1448-08-12,1800482460,1800483060,1800487380,1800488880,1800508860,1800520920,1800530160,1800534540,2026-06-19T11:58:35.751124Z,2026-06-19T11:58:35.751124Z
TRG01,2027,01,1448-08-13,1800568860,1800569460,1800573780,1800575280,1800595260,1800607380,1800616560,1800620940,2026-06-19T11:58:35.751124Z,2026-06-19T11:58:35.751124Z
TRG01,2027,01,1448-08-14,1800655260,1800655860,1800660180,1800661680,1800681660,1800693780,1800702960,1800707340,2026-06-19T11:58:35.751124Z,2026-06-19T11:58:35.751124Z
TRG01,2027,01,1448-08-15,1800741720,1800742320,1800746580,1800748080,1800768120,1800780180,1800789420,1800793800,2026-06-19T11:58:35.751124Z,2026-06-19T11:58:35.751124Z
TRG01,2027,01,1448-08-16,1800828120,1800828720,1800833040,1800834540,1800854520,1800866580,1800875820,1800880200,2026-06-19T11:58:35.751124Z,2026-06-19T11:58:35.751124Z
TRG01,2027,01,1448-08-17,1800914520,1800915120,1800919440,1800920940,1800940920,1800952980,1800962220,1800966600,2026-06-19T11:58:35.751124Z,2026-06-19T11:58:35.751124Z
TRG01,2027,01,1448-08-18,1801000920,1801001520,1801005840,1801007340,1801027320,1801039440,1801048680,1801053000,2026-06-19T11:58:35.751124Z,2026-06-19T11:58:35.751124Z
TRG01,2027,01,1448-08-19,1801087320,1801087920,1801092240,1801093740,1801113780,1801125840,1801135080,1801139400,2026-06-19T11:58:35.751124Z,2026-06-19T11:58:35.751124Z
TRG01,2027,01,1448-08-20,1801173780,1801174380,1801178640,1801180140,1801200180,1801212240,1801221480,1801225860,2026-06-19T11:58:35.751124Z,2026-06-19T11:58:35.751124Z
TRG01,2027,01,1448-08-21,1801260180,1801260780,1801265040,1801266540,1801286580,1801298640,1801307940,1801312260,2026-06-19T11:58:35.751124Z,2026-06-19T11:58:35.751124Z
TRG01,2027,01,1448-08-22,1801346580,1801347180,1801351440,1801352940,1801372980,1801385040,1801394340,1801398660,2026-06-19T11:58:35.751124Z,2026-06-19T11:58:35.751124Z
TRG01,2027,02,1448-08-23,1801432980,1801433580,1801437840,1801439340,1801459380,1801471440,1801480740,1801485060,2026-06-19T11:58:35.751124Z,2026-06-19T11:58:35.751124Z
TRG01,2027,02,1448-08-24,1801519380,1801519980,1801524240,1801525740,1801545780,1801557840,1801567140,1801571460,2026-06-19T11:58:35.751124Z,2026-06-19T11:58:35.751124Z
TRG01,2027,02,1448-08-25,1801605780,1801606380,1801610640,1801612140,1801632180,1801644240,1801653600,1801657860,2026-06-19T11:58:35.751124Z,2026-06-19T11:58:35.751124Z
TRG01,2027,02,1448-08-26,1801692180,1801692780,1801697040,1801698540,1801718640,1801730640,1801740000,1801744260,2026-06-19T11:58:35.751124Z,2026-06-19T11:58:35.751124Z
TRG01,2027,02,1448-08-27,1801778640,1801779240,1801783440,1801784940,1801805040,1801817040,1801826400,1801830720,2026-06-19T11:58:35.751124Z,2026-06-19T11:58:35.751124Z
TRG01,2027,02,1448-08-28,1801865040,1801865640,1801869840,1801871340,1801891440,1801903440,1801912800,1801917120,2026-06-19T11:58:35.751124Z,2026-06-19T11:58:35.751124Z
TRG01,2027,02,1448-08-29,1801951440,1801952040,1801956240,1801957740,1801977840,1801989840,1801999200,1802003520,2026-06-19T11:58:35.751124Z,2026-06-19T11:58:35.751124Z
TRG01,2027,02,1448-09-01,1802037840,1802038440,1802042640,1802044140,1802064240,1802076240,1802085660,1802089920,2026-06-19T11:58:35.751124Z,2026-06-19T11:58:35.751124Z
TRG01,2027,02,1448-09-02,1802124240,1802124840,1802129040,1802130540,1802150640,1802162640,1802172060,1802176320,2026-06-19T11:58:35.751124Z,2026-06-19T11:58:35.751124Z
TRG01,2027,02,1448-09-03,1802210640,1802211240,1802215440,1802216940,1802237040,1802249040,1802258460,1802262720,2026-06-19T11:58:35.751124Z,2026-06-19T11:58:35.751124Z
TRG01,2027,02,1448-09-04,1802297040,1802297640,1802301840,1802303340,1802323440,1802335440,1802344860,1802349120,2026-06-19T11:58:35.751124Z,2026-06-19T11:58:35.751124Z
TRG01,2027,02,1448-09-05,1802383440,1802384040,1802388240,1802389740,1802409840,1802421840,1802431260,1802435520,2026-06-19T11:58:35.751124Z,2026-06-19T11:58:35.751124Z
TRG01,2027,02,1448-09-06,1802469840,1802470440,1802474580,1802476080,1802496240,1802508240,1802517660,1802521920,2026-06-19T11:58:35.751124Z,2026-06-19T11:58:35.751124Z
TRG01,2027,02,1448-09-07,1802556240,1802556840,1802560980,1802562480,1802582640,1802594580,1802604060,1802608320,2026-06-19T11:58:35.751124Z,2026-06-19T11:58:35.751124Z
TRG01,2027,02,1448-09-08,1802642640,1802643240,1802647380,1802648880,1802669040,1802680980,1802690460,1802694720,2026-06-19T11:58:35.751124Z,2026-06-19T11:58:35.751124Z
TRG01,2027,02,1448-09-09,1802728980,1802729580,1802733780,1802735280,1802755440,1802767380,1802776920,1802781120,2026-06-19T11:58:35.751124Z,2026-06-19T11:58:35.751124Z
TRG01,2027,02,1448-09-10,1802815380,1802815980,1802820180,1802821680,1802841840,1802853780,1802863320,1802867520,2026-06-19T11:58:35.751124Z,2026-06-19T11:58:35.751124Z
TRG01,2027,02,1448-09-11,1802901780,1802902380,1802906580,1802908080,1802928240,1802940180,1802949720,1802953920,2026-06-19T11:58:35.751124Z,2026-06-19T11:58:35.751124Z
TRG01,2027,02,1448-09-12,1802988180,1802988780,1802992920,1802994420,1803014640,1803026520,1803036120,1803040320,2026-06-19T11:58:35.751124Z,2026-06-19T11:58:35.751124Z
TRG01,2027,02,1448-09-13,1803074580,1803075180,1803079320,1803080820,1803100980,1803112920,1803122520,1803126720,2026-06-19T11:58:35.751124Z,2026-06-19T11:58:35.751124Z
TRG01,2027,02,1448-09-14,1803160980,1803161580,1803165720,1803167220,1803187380,1803199320,1803208920,1803213120,2026-06-19T11:58:35.751124Z,2026-06-19T11:58:35.751124Z
TRG01,2027,02,1448-09-15,1803247380,1803247980,1803252120,1803253620,1803273780,1803285660,1803295320,1803299520,2026-06-19T11:58:35.751124Z,2026-06-19T11:58:35.751124Z
TRG01,2027,02,1448-09-16,1803333720,1803334320,1803338460,1803339960,1803360180,1803372060,1803381720,1803385920,2026-06-19T11:58:35.751124Z,2026-06-19T11:58:35.751124Z
TRG01,2027,02,1448-09-17,1803420120,1803420720,1803424860,1803426360,1803446580,1803458460,1803468120,1803472320,2026-06-19T11:58:35.751124Z,2026-06-19T11:58:35.751124Z
TRG01,2027,02,1448-09-18,1803506520,1803507120,1803511260,1803512760,1803532980,1803544800,1803554520,1803558660,2026-06-19T11:58:35.751124Z,2026-06-19T11:58:35.751124Z
TRG01,2027,02,1448-09-19,1803592920,1803593520,1803597600,1803599100,1803619380,1803631200,1803640920,1803645060,2026-06-19T11:58:35.751124Z,2026-06-19T11:58:35.751124Z
TRG01,2027,02,1448-09-20,1803679320,1803679920,1803684000,1803685500,1803705720,1803717540,1803727320,1803731460,2026-06-19T11:58:35.751124Z,2026-06-19T11:58:35.751124Z
TRG01,2027,02,1448-09-21,1803765660,1803766260,1803770400,1803771900,1803792120,1803803940,1803813720,1803817860,2026-06-19T11:58:35.751124Z,2026-06-19T11:58:35.751124Z
TRG01,2027,03,1448-09-22,1803852060,1803852660,1803856800,1803858300,1803878520,1803890280,1803900120,1803904260,2026-06-19T11:58:35.751124Z,2026-06-19T11:58:35.751124Z
TRG01,2027,03,1448-09-23,1803938460,1803939060,1803943140,1803944640,1803964920,1803976680,1803986520,1803990660,2026-06-19T11:58:35.751124Z,2026-06-19T11:58:35.751124Z
TRG01,2027,03,1448-09-24,1804024800,1804025400,1804029540,1804031040,1804051320,1804063020,1804072860,1804077060,2026-06-19T11:58:35.751124Z,2026-06-19T11:58:35.751124Z
TRG01,2027,03,1448-09-25,1804111200,1804111800,1804115940,1804117440,1804137660,1804149420,1804159260,1804163460,2026-06-19T11:58:35.751124Z,2026-06-19T11:58:35.751124Z
TRG01,2027,03,1448-09-26,1804197600,1804198200,1804202280,1804203780,1804224060,1804235760,1804245660,1804249860,2026-06-19T11:58:35.751124Z,2026-06-19T11:58:35.751124Z
TRG01,2027,03,1448-09-27,1804284000,1804284600,1804288680,1804290180,1804310460,1804322160,1804332060,1804336200,2026-06-19T11:58:35.751124Z,2026-06-19T11:58:35.751124Z
TRG01,2027,03,1448-09-28,1804370340,1804370940,1804375020,1804376520,1804396860,1804408500,1804418460,1804422600,2026-06-19T11:58:35.751124Z,2026-06-19T11:58:35.751124Z
TRG01,2027,03,1448-09-29,1804456740,1804457340,1804461420,1804462920,1804483260,1804494840,1804504860,1804509000,2026-06-19T11:58:35.751124Z,2026-06-19T11:58:35.751124Z
TRG01,2027,03,1448-09-30,1804543140,1804543740,1804547820,1804549320,1804569600,1804581240,1804591260,1804595400,2026-06-19T11:58:35.751124Z,2026-06-19T11:58:35.751124Z
TRG01,2027,03,1448-10-01,1804629480,1804630080,1804634160,1804635660,1804656000,1804667580,1804677660,1804681800,2026-06-19T11:58:35.751124Z,2026-06-19T11:58:35.751124Z
TRG01,2027,03,1448-10-02,1804715880,1804716480,1804720560,1804722060,1804742400,1804753920,1804764060,1804768200,2026-06-19T11:58:35.751124Z,2026-06-19T11:58:35.751124Z
TRG01,2027,03,1448-10-03,1804802220,1804802820,1804806900,1804808400,1804828800,1804840320,1804850460,1804854600,2026-06-19T11:58:35.751124Z,2026-06-19T11:58:35.751124Z
TRG01,2027,03,1448-10-04,1804888620,1804889220,1804893300,1804894800,1804915140,1804926660,1804936860,1804941000,2026-06-19T11:58:35.751124Z,2026-06-19T11:58:35.751124Z
TRG01,2027,03,1448-10-05,1804975020,1804975620,1804979700,1804981200,1805001540,1805013000,1805023200,1805027340,2026-06-19T11:58:35.751124Z,2026-06-19T11:58:35.751124Z
TRG01,2027,03,1448-10-06,1805061360,1805061960,1805066040,1805067540,1805087940,1805099400,1805109600,1805113740,2026-06-19T11:58:35.751124Z,2026-06-19T11:58:35.751124Z
TRG01,2027,03,1448-10-07,1805147760,1805148360,1805152440,1805153940,1805174280,1805185740,1805196000,1805200140,2026-06-19T11:58:35.751124Z,2026-06-19T11:58:35.751124Z
TRG01,2027,03,1448-10-08,1805234100,1805234700,1805238780,1805240280,1805260680,1805272080,1805282400,1805286540,2026-06-19T11:58:35.751124Z,2026-06-19T11:58:35.751124Z
TRG01,2027,03,1448-10-09,1805320500,1805321100,1805325180,1805326680,1805347080,1805358420,1805368800,1805372940,2026-06-19T11:58:35.751124Z,2026-06-19T11:58:35.751124Z
TRG01,2027,03,1448-10-10,1805406900,1805407500,1805411520,1805413020,1805433480,1805444820,1805455200,1805459340,2026-06-19T11:58:35.751124Z,2026-06-19T11:58:35.751124Z
TRG01,2027,03,1448-10-11,1805493240,1805493840,1805497920,1805499420,1805519820,1805531160,1805541600,1805545740,2026-06-19T11:58:35.751124Z,2026-06-19T11:58:35.751124Z
TRG01,2027,03,1448-10-12,1805579640,1805580240,1805584320,1805585820,1805606220,1805617500,1805627940,1805632080,2026-06-19T11:58:35.751124Z,2026-06-19T11:58:35.751124Z
TRG01,2027,03,1448-10-13,1805665980,1805666580,1805670660,1805672160,1805692620,1805703840,1805714340,1805718480,2026-06-19T11:58:35.751124Z,2026-06-19T11:58:35.751124Z
TRG01,2027,03,1448-10-14,1805752380,1805752980,1805757060,1805758560,1805778960,1805790180,1805800740,1805804880,2026-06-19T11:58:35.751124Z,2026-06-19T11:58:35.751124Z
TRG01,2027,03,1448-10-15,1805838720,1805839320,1805843400,1805844900,1805865360,1805876520,1805887140,1805891280,2026-06-19T11:58:35.751124Z,2026-06-19T11:58:35.751124Z
TRG01,2027,03,1448-10-16,1805925120,1805925720,1805929800,1805931300,1805951760,1805962860,1805973540,1805977680,2026-06-19T11:58:35.751124Z,2026-06-19T11:58:35.751124Z
TRG01,2027,03,1448-10-17,1806011460,1806012060,1806016140,1806017640,1806038160,1806049200,1806059940,1806064080,2026-06-19T11:58:35.751124Z,2026-06-19T11:58:35.751124Z
TRG01,2027,03,1448-10-18,1806097860,1806098460,1806102540,1806104040,1806124500,1806135600,1806146280,1806150480,2026-06-19T11:58:35.751124Z,2026-06-19T11:58:35.751124Z
TRG01,2027,03,1448-10-19,1806184200,1806184800,1806188880,1806190380,1806210900,1806221940,1806232680,1806236820,2026-06-19T11:58:35.751124Z,2026-06-19T11:58:35.751124Z
TRG01,2027,03,1448-10-20,1806270600,1806271200,1806275280,1806276780,1806297300,1806308280,1806319080,1806323220,2026-06-19T11:58:35.751124Z,2026-06-19T11:58:35.751124Z
TRG01,2027,03,1448-10-21,1806356940,1806357540,1806361680,1806363180,1806383640,1806394620,1806405480,1806409620,2026-06-19T11:58:35.751124Z,2026-06-19T11:58:35.751124Z
TRG01,2027,03,1448-10-22,1806443340,1806443940,1806448020,1806449520,1806470040,1806480960,1806491880,1806496020,2026-06-19T11:58:35.751124Z,2026-06-19T11:58:35.751124Z
TRG01,2027,04,1448-10-23,1806529680,1806530280,1806534420,1806535920,1806556440,1806567300,1806578280,1806582420,2026-06-19T11:58:35.751124Z,2026-06-19T11:58:35.751124Z
TRG01,2027,04,1448-10-24,1806616080,1806616680,1806620760,1806622260,1806642780,1806653640,1806664680,1806668820,2026-06-19T11:58:35.751124Z,2026-06-19T11:58:35.751124Z
TRG01,2027,04,1448-10-25,1806702420,1806703020,1806707160,1806708660,1806729180,1806739980,1806751020,1806755220,2026-06-19T11:58:35.751124Z,2026-06-19T11:58:35.751124Z
TRG01,2027,04,1448-10-26,1806788820,1806789420,1806793500,1806795000,1806815580,1806826380,1806837420,1806841620,2026-06-19T11:58:35.751124Z,2026-06-19T11:58:35.751124Z
TRG01,2027,04,1448-10-27,1806875160,1806875760,1806879900,1806881400,1806901980,1806912840,1806923820,1806928020,2026-06-19T11:58:35.751124Z,2026-06-19T11:58:35.751124Z
TRG01,2027,04,1448-10-28,1806961560,1806962160,1806966300,1806967800,1806988320,1806999240,1807010220,1807014420,2026-06-19T11:58:35.751124Z,2026-06-19T11:58:35.751124Z
TRG01,2027,04,1448-10-29,1807047960,1807048560,1807052640,1807054140,1807074720,1807085700,1807096620,1807100760,2026-06-19T11:58:35.751124Z,2026-06-19T11:58:35.751124Z
TRG01,2027,04,1448-10-30,1807134300,1807134900,1807139040,1807140540,1807161120,1807172100,1807183020,1807187160,2026-06-19T11:58:35.751124Z,2026-06-19T11:58:35.751124Z
TRG01,2027,04,1448-11-01,1807220700,1807221300,1807225380,1807226880,1807247460,1807258560,1807269420,1807273560,2026-06-19T11:58:35.751124Z,2026-06-19T11:58:35.751124Z
TRG01,2027,04,1448-11-02,1807307040,1807307640,1807311780,1807313280,1807333860,1807344960,1807355760,1807359960,2026-06-19T11:58:35.751124Z,2026-06-19T11:58:35.751124Z
TRG01,2027,04,1448-11-03,1807393440,1807394040,1807398120,1807399620,1807420260,1807431420,1807442160,1807446360,2026-06-19T11:58:35.751124Z,2026-06-19T11:58:35.751124Z
TRG01,2027,04,1448-11-04,1807479780,1807480380,1807484520,1807486020,1807506660,1807517820,1807528560,1807532760,2026-06-19T11:58:35.751124Z,2026-06-19T11:58:35.751124Z
TRG01,2027,04,1448-11-05,1807566180,1807566780,1807570920,1807572420,1807593000,1807604280,1807614960,1807619160,2026-06-19T11:58:35.751124Z,2026-06-19T11:58:35.751124Z
TRG01,2027,04,1448-11-06,1807652520,1807653120,1807657260,1807658760,1807679400,1807690680,1807701360,1807705560,2026-06-19T11:58:35.751124Z,2026-06-19T11:58:35.751124Z
TRG01,2027,04,1448-11-07,1807738920,1807739520,1807743660,1807745160,1807765800,1807777080,1807787760,1807791960,2026-06-19T11:58:35.751124Z,2026-06-19T11:58:35.751124Z
TRG01,2027,04,1448-11-08,1807825260,1807825860,1807830000,1807831500,1807852200,1807863540,1807874160,1807878360,2026-06-19T11:58:35.751124Z,2026-06-19T11:58:35.751124Z
TRG01,2027,04,1448-11-09,1807911660,1807912260,1807916400,1807917900,1807938540,1807949940,1807960560,1807964760,2026-06-19T11:58:35.751124Z,2026-06-19T11:58:35.751124Z
TRG01,2027,04,1448-11-10,1807998000,1807998600,1808002800,1808004300,1808024940,1808036340,1808046960,1808051160,2026-06-19T11:58:35.751124Z,2026-06-19T11:58:35.751124Z
TRG01,2027,04,1448-11-11,1808084400,1808085000,1808089140,1808090640,1808111340,1808122800,1808133300,1808137560,2026-06-19T11:58:35.751124Z,2026-06-19T11:58:35.751124Z
TRG01,2027,04,1448-11-12,1808170740,1808171340,1808175540,1808177040,1808197740,1808209200,1808219700,1808223960,2026-06-19T11:58:35.751124Z,2026-06-19T11:58:35.751124Z
TRG01,2027,04,1448-11-13,1808257140,1808257740,1808261940,1808263440,1808284140,1808295660,1808306100,1808310360,2026-06-19T11:58:35.751124Z,2026-06-19T11:58:35.751124Z
TRG01,2027,04,1448-11-14,1808343540,1808344140,1808348280,1808349780,1808370480,1808382060,1808392500,1808396760,2026-06-19T11:58:35.751124Z,2026-06-19T11:58:35.751124Z
TRG01,2027,04,1448-11-15,1808429880,1808430480,1808434680,1808436180,1808456880,1808468460,1808478900,1808483160,2026-06-19T11:58:35.751124Z,2026-06-19T11:58:35.751124Z
TRG01,2027,04,1448-11-16,1808516280,1808516880,1808521080,1808522580,1808543280,1808554860,1808565300,1808569560,2026-06-19T11:58:35.751124Z,2026-06-19T11:58:35.751124Z
TRG01,2027,04,1448-11-17,1808602620,1808603220,1808607420,1808608920,1808629680,1808641320,1808651700,1808655960,2026-06-19T11:58:35.751124Z,2026-06-19T11:58:35.751124Z
TRG01,2027,04,1448-11-18,1808689020,1808689620,1808693820,1808695320,1808716080,1808727720,1808738100,1808742360,2026-06-19T11:58:35.751124Z,2026-06-19T11:58:35.751124Z
TRG01,2027,04,1448-11-19,1808775360,1808775960,1808780220,1808781720,1808802420,1808814120,1808824500,1808828760,2026-06-19T11:58:35.751124Z,2026-06-19T11:58:35.751124Z
TRG01,2027,04,1448-11-20,1808861760,1808862360,1808866620,1808868120,1808888820,1808900580,1808910900,1808915220,2026-06-19T11:58:35.751124Z,2026-06-19T11:58:35.751124Z
TRG01,2027,04,1448-11-21,1808948160,1808948760,1808952960,1808954460,1808975220,1808986980,1808997300,1809001620,2026-06-19T11:58:35.751124Z,2026-06-19T11:58:35.751124Z
TRG01,2027,04,1448-11-22,1809034500,1809035100,1809039360,1809040860,1809061620,1809073380,1809083700,1809088020,2026-06-19T11:58:35.751124Z,2026-06-19T11:58:35.751124Z
TRG01,2027,05,1448-11-23,1809120900,1809121500,1809125760,1809127260,1809148020,1809159840,1809170100,1809174420,2026-06-19T11:58:35.751124Z,2026-06-19T11:58:35.751124Z
TRG01,2027,05,1448-11-24,1809207300,1809207900,1809212100,1809213600,1809234420,1809246240,1809256500,1809260820,2026-06-19T11:58:35.751124Z,2026-06-19T11:58:35.751124Z
TRG01,2027,05,1448-11-25,1809293640,1809294240,1809298500,1809300000,1809320820,1809332640,1809342900,1809347220,2026-06-19T11:58:35.751124Z,2026-06-19T11:58:35.751124Z
TRG01,2027,05,1448-11-26,1809380040,1809380640,1809384900,1809386400,1809407220,1809419040,1809429300,1809433620,2026-06-19T11:58:35.751124Z,2026-06-19T11:58:35.751124Z
TRG01,2027,05,1448-11-27,1809466440,1809467040,1809471300,1809472800,1809493560,1809505500,1809515700,1809520020,2026-06-19T11:58:35.751124Z,2026-06-19T11:58:35.751124Z
TRG01,2027,05,1448-11-28,1809552780,1809553380,1809557700,1809559200,1809579960,1809591900,1809602100,1809606480,2026-06-19T11:58:35.751124Z,2026-06-19T11:58:35.751124Z
TRG01,2027,05,1448-11-29,1809639180,1809639780,1809644040,1809645540,1809666360,1809678300,1809688500,1809692880,2026-06-19T11:58:35.751124Z,2026-06-19T11:58:35.751124Z
TRG01,2027,05,1448-12-01,1809725580,1809726180,1809730440,1809731940,1809752760,1809764760,1809774900,1809779280,2026-06-19T11:58:35.751124Z,2026-06-19T11:58:35.751124Z
TRG01,2027,05,1448-12-02,1809811920,1809812520,1809816840,1809818340,1809839160,1809851160,1809861300,1809865680,2026-06-19T11:58:35.751124Z,2026-06-19T11:58:35.751124Z
TRG01,2027,05,1448-12-03,1809898320,1809898920,1809903240,1809904740,1809925560,1809937560,1809947700,1809952080,2026-06-19T11:58:35.751124Z,2026-06-19T11:58:35.751124Z
TRG01,2027,05,1448-12-04,1809984720,1809985320,1809989640,1809991140,1810011960,1810023960,1810034100,1810038480,2026-06-19T11:58:35.751124Z,2026-06-19T11:58:35.751124Z
TRG01,2027,05,1448-12-05,1810071120,1810071720,1810076040,1810077540,1810098360,1810110420,1810120500,1810124940,2026-06-19T11:58:35.751124Z,2026-06-19T11:58:35.751124Z
TRG01,2027,05,1448-12-06,1810157460,1810158060,1810162440,1810163940,1810184760,1810196820,1810206960,1810211340,2026-06-19T11:58:35.751124Z,2026-06-19T11:58:35.751124Z
TRG01,2027,05,1448-12-07,1810243860,1810244460,1810248780,1810250280,1810271160,1810283220,1810293360,1810297740,2026-06-19T11:58:35.751124Z,2026-06-19T11:58:35.751124Z
TRG01,2027,05,1448-12-08,1810330260,1810330860,1810335180,1810336680,1810357560,1810369680,1810379760,1810384140,2026-06-19T11:58:35.751124Z,2026-06-19T11:58:35.751124Z
TRG01,2027,05,1448-12-09,1810416660,1810417260,1810421580,1810423080,1810443960,1810456080,1810466160,1810470540,2026-06-19T11:58:35.751124Z,2026-06-19T11:58:35.751124Z
TRG01,2027,05,1448-12-10,1810503000,1810503600,1810507980,1810509480,1810530360,1810542480,1810552560,1810557000,2026-06-19T11:58:35.751124Z,2026-06-19T11:58:35.751124Z
TRG01,2027,05,1448-12-11,1810589400,1810590000,1810594380,1810595880,1810616760,1810628880,1810638960,1810643400,2026-06-19T11:58:35.751124Z,2026-06-19T11:58:35.751124Z
TRG01,2027,05,1448-12-12,1810675800,1810676400,1810680780,1810682280,1810703160,1810715340,1810725360,1810729800,2026-06-19T11:58:35.751124Z,2026-06-19T11:58:35.751124Z
TRG01,2027,05,1448-12-13,1810762200,1810762800,1810767180,1810768680,1810789560,1810801740,1810811760,1810816200,2026-06-19T11:58:35.751124Z,2026-06-19T11:58:35.751124Z
TRG01,2027,05,1448-12-14,1810848600,1810849200,1810853580,1810855080,1810875960,1810888140,1810898220,1810902660,2026-06-19T11:58:35.751124Z,2026-06-19T11:58:35.751124Z
TRG01,2027,05,1448-12-15,1810935000,1810935600,1810939980,1810941480,1810962360,1810974600,1810984620,1810989060,2026-06-19T11:58:35.751124Z,2026-06-19T11:58:35.751124Z
TRG01,2027,05,1448-12-16,1811021400,1811022000,1811026380,1811027880,1811048760,1811061000,1811071020,1811075460,2026-06-19T11:58:35.751124Z,2026-06-19T11:58:35.751124Z
TRG01,2027,05,1448-12-17,1811107740,1811108340,1811112780,1811114280,1811135220,1811147400,1811157420,1811161920,2026-06-19T11:58:35.751124Z,2026-06-19T11:58:35.751124Z
TRG01,2027,05,1448-12-18,1811194140,1811194740,1811199180,1811200680,1811221620,1811233800,1811243820,1811248320,2026-06-19T11:58:35.751124Z,2026-06-19T11:58:35.751124Z
TRG01,2027,05,1448-12-19,1811280540,1811281140,1811285580,1811287080,1811308020,1811320260,1811330220,1811334720,2026-06-19T11:58:35.751124Z,2026-06-19T11:58:35.751124Z
TRG01,2027,05,1448-12-20,1811366940,1811367540,1811371980,1811373480,1811394420,1811406660,1811416680,1811421120,2026-06-19T11:58:35.751124Z,2026-06-19T11:58:35.751124Z
TRG01,2027,05,1448-12-21,1811453340,1811453940,1811458380,1811459880,1811480820,1811493060,1811503080,1811507580,2026-06-19T11:58:35.751124Z,2026-06-19T11:58:35.751124Z
TRG01,2027,05,1448-12-22,1811539740,1811540340,1811544780,1811546280,1811567220,1811579460,1811589480,1811593980,2026-06-19T11:58:35.751124Z,2026-06-19T11:58:35.751124Z
TRG01,2027,05,1448-12-23,1811626140,1811626740,1811631180,1811632680,1811653620,1811665920,1811675880,1811680380,2026-06-19T11:58:35.751124Z,2026-06-19T11:58:35.751124Z
TRG01,2027,05,1448-12-24,1811712540,1811713140,1811717580,1811719080,1811740020,1811752320,1811762280,1811766780,2026-06-19T11:58:35.751124Z,2026-06-19T11:58:35.751124Z
TRG01,2027,06,1448-12-25,1811798940,1811799540,1811803980,1811805480,1811826420,1811838720,1811848740,1811853240,2026-06-19T11:58:35.751124Z,2026-06-19T11:58:35.751124Z
TRG01,2027,06,1448-12-26,1811885340,1811885940,1811890380,1811891880,1811912880,1811925180,1811935140,1811939640,2026-06-19T11:58:35.751124Z,2026-06-19T11:58:35.751124Z
TRG01,2027,06,1448-12-27,1811971740,1811972340,1811976780,1811978280,1811999280,1812011580,1812021540,1812026040,2026-06-19T11:58:35.751124Z,2026-06-19T11:58:35.751124Z
TRG01,2027,06,1448-12-28,1812058140,1812058740,1812063240,1812064740,1812085680,1812097980,1812107940,1812112500,2026-06-19T11:58:35.751124Z,2026-06-19T11:58:35.751124Z
TRG01,2027,06,1448-12-29,1812144540,1812145140,1812149640,1812151140,1812172080,1812184380,1812194340,1812198900,2026-06-19T11:58:35.751124Z,2026-06-19T11:58:35.751124Z
TRG01,2027,06,1449-01-01,1812230940,1812231540,1812236040,1812237540,1812258480,1812270840,1812280800,1812285300,2026-06-19T11:58:35.751124Z,2026-06-19T11:58:35.751124Z
TRG01,2027,06,1449-01-02,1812317340,1812317940,1812322440,1812323940,1812344940,1812357240,1812367200,1812371760,2026-06-19T11:58:35.751124Z,2026-06-19T11:58:35.751124Z
TRG01,2027,06,1449-01-03,1812403740,1812404340,1812408840,1812410340,1812431340,1812443640,1812453600,1812458160,2026-06-19T11:58:35.751124Z,2026-06-19T11:58:35.751124Z
TRG01,2027,06,1449-01-04,1812490200,1812490800,1812495240,1812496740,1812517740,1812530100,1812540000,1812544560,2026-06-19T11:58:35.751124Z,2026-06-19T11:58:35.751124Z
TRG01,2027,06,1449-01-05,1812576600,1812577200,1812581640,1812583140,1812604140,1812616500,1812626460,1812630960,2026-06-19T11:58:35.751124Z,2026-06-19T11:58:35.751124Z
TRG01,2027,06,1449-01-06,1812663000,1812663600,1812668100,1812669600,1812690540,1812702900,1812712860,1812717420,2026-06-19T11:58:35.751124Z,2026-06-19T11:58:35.751124Z
TRG01,2027,06,1449-01-07,1812749400,1812750000,1812754500,1812756000,1812776940,1812789300,1812799260,1812803820,2026-06-19T11:58:35.751124Z,2026-06-19T11:58:35.751124Z
TRG01,2027,06,1449-01-08,1812835800,1812836400,1812840900,1812842400,1812863400,1812875760,1812885660,1812890220,2026-06-19T11:58:35.751124Z,2026-06-19T11:58:35.751124Z
TRG01,2027,06,1449-01-09,1812922200,1812922800,1812927300,1812928800,1812949800,1812962160,1812972120,1812976680,2026-06-19T11:58:35.751124Z,2026-06-19T11:58:35.751124Z
TRG01,2027,06,1449-01-10,1813008600,1813009200,1813013700,1813015200,1813036200,1813048560,1813058520,1813063080,2026-06-19T11:58:35.751124Z,2026-06-19T11:58:35.751124Z
TRG01,2027,06,1449-01-11,1813095060,1813095660,1813100160,1813101660,1813122600,1813134960,1813144920,1813149480,2026-06-19T11:58:35.751124Z,2026-06-19T11:58:35.751124Z
TRG01,2027,06,1449-01-12,1813181460,1813182060,1813186560,1813188060,1813209060,1813221420,1813231320,1813235880,2026-06-19T11:58:35.751124Z,2026-06-19T11:58:35.751124Z
TRG01,2027,06,1449-01-13,1813267860,1813268460,1813272960,1813274460,1813295460,1813307820,1813317720,1813322340,2026-06-19T11:58:35.751124Z,2026-06-19T11:58:35.751124Z
TRG01,2027,06,1449-01-14,1813354260,1813354860,1813359360,1813360860,1813381860,1813394220,1813404180,1813408740,2026-06-19T11:58:35.751124Z,2026-06-19T11:58:35.751124Z
TRG01,2027,06,1449-01-15,1813440660,1813441260,1813445760,1813447260,1813468260,1813480620,1813490580,1813495140,2026-06-19T11:58:35.751124Z,2026-06-19T11:58:35.751124Z
TRG01,2027,06,1449-01-16,1813527060,1813527660,1813532220,1813533720,1813554660,1813567080,1813576980,1813581540,2026-06-19T11:58:35.751124Z,2026-06-19T11:58:35.751124Z
TRG01,2027,06,1449-01-17,1813613520,1813614120,1813618620,1813620120,1813641120,1813653480,1813663380,1813667940,2026-06-19T11:58:35.751124Z,2026-06-19T11:58:35.751124Z
TRG01,2027,06,1449-01-18,1813699920,1813700520,1813705020,1813706520,1813727520,1813739880,1813749840,1813754400,2026-06-19T11:58:35.751124Z,2026-06-19T11:58:35.751124Z
TRG01,2027,06,1449-01-19,1813786320,1813786920,1813791420,1813792920,1813813920,1813826280,1813836240,1813840800,2026-06-19T11:58:35.751124Z,2026-06-19T11:58:35.751124Z
TRG01,2027,06,1449-01-20,1813872720,1813873320,1813877820,1813879320,1813900320,1813912680,1813922640,1813927200,2026-06-19T11:58:35.751124Z,2026-06-19T11:58:35.751124Z
TRG01,2027,06,1449-01-21,1813959180,1813959780,1813964280,1813965780,1813986720,1813999140,1814009040,1814013600,2026-06-19T11:58:35.751124Z,2026-06-19T11:58:35.751124Z
TRG01,2027,06,1449-01-22,1814045580,1814046180,1814050680,1814052180,1814073180,1814085540,1814095440,1814100000,2026-06-19T11:58:35.751124Z,2026-06-19T11:58:35.751124Z
TRG01,2027,06,1449-01-23,1814131980,1814132580,1814137080,1814138580,1814159580,1814171940,1814181900,1814186460,2026-06-19T11:58:35.751124Z,2026-06-19T11:58:35.751124Z
TRG01,2027,06,1449-01-24,1814218380,1814218980,1814223480,1814224980,1814245980,1814258340,1814268300,1814272860,2026-06-19T11:58:35.751124Z,2026-06-19T11:58:35.751124Z
TRG01,2027,06,1449-01-25,1814304840,1814305440,1814309940,1814311440,1814332380,1814344740,1814354700,1814359260,2026-06-19T11:58:35.751124Z,2026-06-19T11:58:35.751124Z
TRG01,2027,07,1449-01-26,1814391240,1814391840,1814396340,1814397840,1814418840,1814431140,1814441100,1814445660,2026-06-19T11:58:35.751124Z,2026-06-19T11:58:35.751124Z
TRG01,2027,07,1449-01-27,1814477640,1814478240,1814482740,1814484240,1814505240,1814517540,1814527500,1814532060,2026-06-19T11:58:35.751124Z,2026-06-19T11:58:35.751124Z
TRG01,2027,07,1449-01-28,1814564040,1814564640,1814569140,1814570640,1814591640,1814604000,1814613900,1814618460,2026-06-19T11:58:35.751124Z,2026-06-19T11:58:35.751124Z
TRG01,2027,07,1449-01-29,1814650500,1814651100,1814655540,1814657040,1814678040,1814690400,1814700360,1814704860,2026-06-19T11:58:35.751124Z,2026-06-19T11:58:35.751124Z
TRG01,2027,07,1449-01-30,1814736900,1814737500,1814742000,1814743500,1814764440,1814776800,1814786760,1814791260,2026-06-19T11:58:35.751124Z,2026-06-19T11:58:35.751124Z
TRG01,2027,07,1449-02-01,1814823300,1814823900,1814828400,1814829900,1814850840,1814863200,1814873160,1814877660,2026-06-19T11:58:35.751124Z,2026-06-19T11:58:35.751124Z
TRG01,2027,07,1449-02-02,1814909760,1814910360,1814914800,1814916300,1814937300,1814949600,1814959560,1814964060,2026-06-19T11:58:35.751124Z,2026-06-19T11:58:35.751124Z
TRG01,2027,07,1449-02-03,1814996160,1814996760,1815001200,1815002700,1815023700,1815036000,1815045960,1815050460,2026-06-19T11:58:35.751124Z,2026-06-19T11:58:35.751124Z
TRG01,2027,07,1449-02-04,1815082560,1815083160,1815087660,1815089160,1815110100,1815122400,1815132360,1815136920,2026-06-19T11:58:35.751124Z,2026-06-19T11:58:35.751124Z
TRG01,2027,07,1449-02-05,1815168960,1815169560,1815174060,1815175560,1815196500,1815208800,1815218760,1815223320,2026-06-19T11:58:35.751124Z,2026-06-19T11:58:35.751124Z
TRG01,2027,07,1449-02-06,1815255420,1815256020,1815260460,1815261960,1815282900,1815295200,1815305160,1815309720,2026-06-19T11:58:35.751124Z,2026-06-19T11:58:35.751124Z
TRG01,2027,07,1449-02-07,1815341820,1815342420,1815346860,1815348360,1815369300,1815381600,1815391560,1815396120,2026-06-19T11:58:35.751124Z,2026-06-19T11:58:35.751124Z
TRG01,2027,07,1449-02-08,1815428220,1815428820,1815433260,1815434760,1815455700,1815468000,1815477960,1815482520,2026-06-19T11:58:35.751124Z,2026-06-19T11:58:35.751124Z
TRG01,2027,07,1449-02-09,1815514620,1815515220,1815519660,1815521160,1815542160,1815554400,1815564360,1815568860,2026-06-19T11:58:35.751124Z,2026-06-19T11:58:35.751124Z
TRG01,2027,07,1449-02-10,1815601080,1815601680,1815606120,1815607620,1815628560,1815640800,1815650820,1815655260,2026-06-19T11:58:35.751124Z,2026-06-19T11:58:35.751124Z
TRG01,2027,07,1449-02-11,1815687480,1815688080,1815692520,1815694020,1815714960,1815727200,1815737220,1815741660,2026-06-19T11:58:35.751124Z,2026-06-19T11:58:35.751124Z
TRG01,2027,07,1449-02-12,1815773880,1815774480,1815778920,1815780420,1815801360,1815813600,1815823620,1815828060,2026-06-19T11:58:35.751124Z,2026-06-19T11:58:35.751124Z
TRG01,2027,07,1449-02-13,1815860280,1815860880,1815865320,1815866820,1815887760,1815900000,1815910020,1815914460,2026-06-19T11:58:35.751124Z,2026-06-19T11:58:35.751124Z
TRG01,2027,07,1449-02-14,1815946740,1815947340,1815951720,1815953220,1815974160,1815986400,1815996420,1816000860,2026-06-19T11:58:35.751124Z,2026-06-19T11:58:35.751124Z
TRG01,2027,07,1449-02-15,1816033140,1816033740,1816038120,1816039620,1816060560,1816072800,1816082820,1816087260,2026-06-19T11:58:35.751124Z,2026-06-19T11:58:35.751124Z
TRG01,2027,07,1449-02-16,1816119540,1816120140,1816124580,1816126080,1816146960,1816159140,1816169220,1816173660,2026-06-19T11:58:35.751124Z,2026-06-19T11:58:35.751124Z
TRG01,2027,07,1449-02-17,1816205940,1816206540,1816210980,1816212480,1816233360,1816245540,1816255560,1816260060,2026-06-19T11:58:35.751124Z,2026-06-19T11:58:35.751124Z
TRG01,2027,07,1449-02-18,1816292400,1816293000,1816297380,1816298880,1816319760,1816331940,1816341960,1816346460,2026-06-19T11:58:35.751124Z,2026-06-19T11:58:35.751124Z
TRG01,2027,07,1449-02-19,1816378800,1816379400,1816383780,1816385280,1816406160,1816418340,1816428360,1816432800,2026-06-19T11:58:35.751124Z,2026-06-19T11:58:35.751124Z
TRG01,2027,07,1449-02-20,1816465200,1816465800,1816470180,1816471680,1816492560,1816504740,1816514760,1816519200,2026-06-19T11:58:35.751124Z,2026-06-19T11:58:35.751124Z
TRG01,2027,07,1449-02-21,1816551600,1816552200,1816556580,1816558080,1816578960,1816591080,1816601160,1816605600,2026-06-19T11:58:35.751124Z,2026-06-19T11:58:35.751124Z
TRG01,2027,07,1449-02-22,1816638060,1816638660,1816642980,1816644480,1816665360,1816677480,1816687560,1816692000,2026-06-19T11:58:35.751124Z,2026-06-19T11:58:35.751124Z
TRG01,2027,07,1449-02-23,1816724460,1816725060,1816729380,1816730880,1816751760,1816763880,1816773960,1816778400,2026-06-19T11:58:35.751124Z,2026-06-19T11:58:35.751124Z
TRG01,2027,07,1449-02-24,1816810860,1816811460,1816815780,1816817280,1816838160,1816850280,1816860360,1816864740,2026-06-19T11:58:35.751124Z,2026-06-19T11:58:35.751124Z
TRG01,2027,07,1449-02-25,1816897260,1816897860,1816902180,1816903680,1816924560,1816936620,1816946760,1816951140,2026-06-19T11:58:35.751124Z,2026-06-19T11:58:35.751124Z
TRG01,2027,07,1449-02-26,1816983660,1816984260,1816988640,1816990140,1817010960,1817023020,1817033160,1817037540,2026-06-19T11:58:35.751124Z,2026-06-19T11:58:35.751124Z
TRG01,2027,08,1449-02-27,1817070060,1817070660,1817075040,1817076540,1817097360,1817109420,1817119500,1817123880,2026-06-19T11:58:35.751124Z,2026-06-19T11:58:35.751124Z
TRG01,2027,08,1449-02-28,1817156520,1817157120,1817161440,1817162940,1817183760,1817195760,1817205900,1817210280,2026-06-19T11:58:35.751124Z,2026-06-19T11:58:35.751124Z
TRG01,2027,08,1449-02-29,1817242920,1817243520,1817247840,1817249340,1817270160,1817282160,1817292300,1817296680,2026-06-19T11:58:35.751124Z,2026-06-19T11:58:35.751124Z
TRG01,2027,08,1449-03-01,1817329320,1817329920,1817334240,1817335740,1817356560,1817368560,1817378700,1817383080,2026-06-19T11:58:35.751124Z,2026-06-19T11:58:35.751124Z
TRG01,2027,08,1449-03-02,1817415720,1817416320,1817420640,1817422140,1817442960,1817454900,1817465100,1817469420,2026-06-19T11:58:35.751124Z,2026-06-19T11:58:35.751124Z
TRG01,2027,08,1449-03-03,1817502120,1817502720,1817507040,1817508540,1817529360,1817541300,1817551440,1817555820,2026-06-19T11:58:35.751124Z,2026-06-19T11:58:35.751124Z
TRG01,2027,08,1449-03-04,1817588520,1817589120,1817593440,1817594940,1817615760,1817627640,1817637840,1817642220,2026-06-19T11:58:35.751124Z,2026-06-19T11:58:35.751124Z
TRG01,2027,08,1449-03-05,1817674920,1817675520,1817679840,1817681340,1817702100,1817714040,1817724240,1817728560,2026-06-19T11:58:35.751124Z,2026-06-19T11:58:35.751124Z
TRG01,2027,08,1449-03-06,1817761380,1817761980,1817766240,1817767740,1817788500,1817800380,1817810640,1817814960,2026-06-19T11:58:35.751124Z,2026-06-19T11:58:35.751124Z
TRG01,2027,08,1449-03-07,1817847780,1817848380,1817852640,1817854140,1817874900,1817886780,1817896980,1817901300,2026-06-19T11:58:35.751124Z,2026-06-19T11:58:35.751124Z
TRG01,2027,08,1449-03-08,1817934180,1817934780,1817939040,1817940540,1817961300,1817973120,1817983380,1817987700,2026-06-19T11:58:35.751124Z,2026-06-19T11:58:35.751124Z
TRG01,2027,08,1449-03-09,1818020580,1818021180,1818025440,1818026940,1818047700,1818059520,1818069780,1818074100,2026-06-19T11:58:35.751124Z,2026-06-19T11:58:35.751124Z
TRG01,2027,08,1449-03-10,1818106980,1818107580,1818111840,1818113340,1818134100,1818145860,1818156180,1818160440,2026-06-19T11:58:35.751124Z,2026-06-19T11:58:35.751124Z
TRG01,2027,08,1449-03-11,1818193380,1818193980,1818198240,1818199740,1818220500,1818232200,1818242520,1818246840,2026-06-19T11:58:35.751124Z,2026-06-19T11:58:35.751124Z
TRG01,2027,08,1449-03-12,1818279780,1818280380,1818284580,1818286080,1818306840,1818318600,1818328920,1818333180,2026-06-19T11:58:35.751124Z,2026-06-19T11:58:35.751124Z
TRG01,2027,08,1449-03-13,1818366180,1818366780,1818370980,1818372480,1818393240,1818404940,1818415320,1818419580,2026-06-19T11:58:35.751124Z,2026-06-19T11:58:35.751124Z
TRG01,2027,08,1449-03-14,1818452580,1818453180,1818457380,1818458880,1818479640,1818491280,1818501660,1818505980,2026-06-19T11:58:35.751124Z,2026-06-19T11:58:35.751124Z
TRG01,2027,08,1449-03-15,1818538980,1818539580,1818543780,1818545280,1818566040,1818577680,1818588060,1818592320,2026-06-19T11:58:35.751124Z,2026-06-19T11:58:35.751124Z
TRG01,2027,08,1449-03-16,1818625380,1818625980,1818630180,1818631680,1818652380,1818664020,1818674460,1818678720,2026-06-19T11:58:35.751124Z,2026-06-19T11:58:35.751124Z
TRG01,2027,08,1449-03-17,1818711780,1818712380,1818716580,1818718080,1818738780,1818750360,1818760800,1818765060,2026-06-19T11:58:35.751124Z,2026-06-19T11:58:35.751124Z
TRG01,2027,08,1449-03-18,1818798180,1818798780,1818802980,1818804480,1818825180,1818836700,1818847200,1818851460,2026-06-19T11:58:35.751124Z,2026-06-19T11:58:35.751124Z
TRG01,2027,08,1449-03-19,1818884580,1818885180,1818889380,1818890880,1818911580,1818923100,1818933540,1818937800,2026-06-19T11:58:35.751124Z,2026-06-19T11:58:35.751124Z
TRG01,2027,08,1449-03-20,1818970980,1818971580,1818975780,1818977280,1818997920,1819009440,1819019940,1819024200,2026-06-19T11:58:35.751124Z,2026-06-19T11:58:35.751124Z
TRG01,2027,08,1449-03-21,1819057380,1819057980,1819062180,1819063680,1819084320,1819095780,1819106340,1819110540,2026-06-19T11:58:35.751124Z,2026-06-19T11:58:35.751124Z
TRG01,2027,08,1449-03-22,1819143780,1819144380,1819148520,1819150020,1819170720,1819182120,1819192680,1819196940,2026-06-19T11:58:35.751124Z,2026-06-19T11:58:35.751124Z
TRG01,2027,08,1449-03-23,1819230180,1819230780,1819234920,1819236420,1819257120,1819268460,1819279080,1819283280,2026-06-19T11:58:35.751124Z,2026-06-19T11:58:35.751124Z
TRG01,2027,08,1449-03-24,1819316580,1819317180,1819321320,1819322820,1819343460,1819354860,1819365420,1819369680,2026-06-19T11:58:35.751124Z,2026-06-19T11:58:35.751124Z
TRG01,2027,08,1449-03-25,1819402980,1819403580,1819407720,1819409220,1819429860,1819441200,1819451820,1819456020,2026-06-19T11:58:35.751124Z,2026-06-19T11:58:35.751124Z
TRG01,2027,08,1449-03-26,1819489380,1819489980,1819494120,1819495620,1819516260,1819527540,1819538220,1819542420,2026-06-19T11:58:35.751124Z,2026-06-19T11:58:35.751124Z
TRG01,2027,08,1449-03-27,1819575780,1819576380,1819580520,1819582020,1819602600,1819613880,1819624560,1819628760,2026-06-19T11:58:35.751124Z,2026-06-19T11:58:35.751124Z
TRG01,2027,08,1449-03-28,1819662120,1819662720,1819666860,1819668360,1819689000,1819700220,1819710960,1819715160,2026-06-19T11:58:35.751124Z,2026-06-19T11:58:35.751124Z
TRG01,2027,09,1449-03-29,1819748520,1819749120,1819753260,1819754760,1819775400,1819786560,1819797300,1819801500,2026-06-19T11:58:35.751124Z,2026-06-19T11:58:35.751124Z
TRG01,2027,09,1449-04-01,1819834920,1819835520,1819839660,1819841160,1819861800,1819872900,1819883700,1819887900,2026-06-19T11:58:35.751124Z,2026-06-19T11:58:35.751124Z
TRG01,2027,09,1449-04-02,1819921320,1819921920,1819926060,1819927560,1819948140,1819959240,1819970040,1819974240,2026-06-19T11:58:35.751124Z,2026-06-19T11:58:35.751124Z
TRG01,2027,09,1449-04-03,1820007720,1820008320,1820012460,1820013960,1820034540,1820045580,1820056440,1820060640,2026-06-19T11:58:35.751124Z,2026-06-19T11:58:35.751124Z
TRG01,2027,09,1449-04-04,1820094120,1820094720,1820098860,1820100360,1820120940,1820131920,1820142780,1820146980,2026-06-19T11:58:35.751124Z,2026-06-19T11:58:35.751124Z
TRG01,2027,09,1449-04-05,1820180520,1820181120,1820185200,1820186700,1820207280,1820218260,1820229180,1820233320,2026-06-19T11:58:35.751124Z,2026-06-19T11:58:35.751124Z
TRG01,2027,09,1449-04-06,1820266920,1820267520,1820271600,1820273100,1820293680,1820304540,1820315520,1820319720,2026-06-19T11:58:35.751124Z,2026-06-19T11:58:35.751124Z
TRG01,2027,09,1449-04-07,1820353320,1820353920,1820358000,1820359500,1820380080,1820390880,1820401920,1820406060,2026-06-19T11:58:35.751124Z,2026-06-19T11:58:35.751124Z
TRG01,2027,09,1449-04-08,1820439660,1820440260,1820444400,1820445900,1820466420,1820477220,1820488260,1820492460,2026-06-19T11:58:35.751124Z,2026-06-19T11:58:35.751124Z
TRG01,2027,09,1449-04-09,1820526060,1820526660,1820530800,1820532300,1820552820,1820563620,1820574660,1820578800,2026-06-19T11:58:35.751124Z,2026-06-19T11:58:35.751124Z
TRG01,2027,09,1449-04-10,1820612460,1820613060,1820617140,1820618640,1820639220,1820650020,1820661000,1820665200,2026-06-19T11:58:35.751124Z,2026-06-19T11:58:35.751124Z
TRG01,2027,09,1449-04-11,1820698860,1820699460,1820703540,1820705040,1820725560,1820736480,1820747400,1820751540,2026-06-19T11:58:35.751124Z,2026-06-19T11:58:35.751124Z
TRG01,2027,09,1449-04-12,1820785260,1820785860,1820789940,1820791440,1820811960,1820822880,1820833740,1820837940,2026-06-19T11:58:35.751124Z,2026-06-19T11:58:35.751124Z
TRG01,2027,09,1449-04-13,1820871660,1820872260,1820876340,1820877840,1820898300,1820909280,1820920140,1820924280,2026-06-19T11:58:35.751124Z,2026-06-19T11:58:35.751124Z
TRG01,2027,09,1449-04-14,1820958000,1820958600,1820962740,1820964240,1820984700,1820995740,1821006480,1821010680,2026-06-19T11:58:35.751124Z,2026-06-19T11:58:35.751124Z
TRG01,2027,09,1449-04-15,1821044400,1821045000,1821049080,1821050580,1821071100,1821082140,1821092880,1821097020,2026-06-19T11:58:35.751124Z,2026-06-19T11:58:35.751124Z
TRG01,2027,09,1449-04-16,1821130800,1821131400,1821135480,1821136980,1821157440,1821168540,1821179220,1821183420,2026-06-19T11:58:35.751124Z,2026-06-19T11:58:35.751124Z
TRG01,2027,09,1449-04-17,1821217200,1821217800,1821221880,1821223380,1821243840,1821254940,1821265620,1821269760,2026-06-19T11:58:35.751124Z,2026-06-19T11:58:35.751124Z
TRG01,2027,09,1449-04-18,1821303600,1821304200,1821308280,1821309780,1821330240,1821341400,1821351960,1821356160,2026-06-19T11:58:35.751124Z,2026-06-19T11:58:35.751124Z
TRG01,2027,09,1449-04-19,1821389940,1821390540,1821394620,1821396120,1821416580,1821427800,1821438360,1821442500,2026-06-19T11:58:35.751124Z,2026-06-19T11:58:35.751124Z
TRG01,2027,09,1449-04-20,1821476340,1821476940,1821481020,1821482520,1821502980,1821514200,1821524700,1821528840,2026-06-19T11:58:35.751124Z,2026-06-19T11:58:35.751124Z
TRG01,2027,09,1449-04-21,1821562740,1821563340,1821567420,1821568920,1821589380,1821600600,1821611100,1821615240,2026-06-19T11:58:35.751124Z,2026-06-19T11:58:35.751124Z
TRG01,2027,09,1449-04-22,1821649140,1821649740,1821653820,1821655320,1821675720,1821687000,1821697440,1821701580,2026-06-19T11:58:35.751124Z,2026-06-19T11:58:35.751124Z
TRG01,2027,09,1449-04-23,1821735540,1821736140,1821740220,1821741720,1821762120,1821773460,1821783840,1821787980,2026-06-19T11:58:35.751124Z,2026-06-19T11:58:35.751124Z
TRG01,2027,09,1449-04-24,1821821880,1821822480,1821826560,1821828060,1821848520,1821859860,1821870240,1821874320,2026-06-19T11:58:35.751124Z,2026-06-19T11:58:35.751124Z
TRG01,2027,09,1449-04-25,1821908280,1821908880,1821912960,1821914460,1821934860,1821946260,1821956580,1821960720,2026-06-19T11:58:35.751124Z,2026-06-19T11:58:35.751124Z
TRG01,2027,09,1449-04-26,1821994680,1821995280,1821999360,1822000860,1822021260,1822032660,1822042980,1822047120,2026-06-19T11:58:35.751124Z,2026-06-19T11:58:35.751124Z
TRG01,2027,09,1449-04-27,1822081080,1822081680,1822085760,1822087260,1822107660,1822119060,1822129320,1822133460,2026-06-19T11:58:35.751124Z,2026-06-19T11:58:35.751124Z
TRG01,2027,09,1449-04-28,1822167480,1822168080,1822172160,1822173660,1822194000,1822205460,1822215720,1822219860,2026-06-19T11:58:35.751124Z,2026-06-19T11:58:35.751124Z
TRG01,2027,09,1449-04-29,1822253820,1822254420,1822258500,1822260000,1822280400,1822291860,1822302060,1822306200,2026-06-19T11:58:35.751124Z,2026-06-19T11:58:35.751124Z
TRG01,2027,10,1449-04-30,1822340220,1822340820,1822344900,1822346400,1822366800,1822378260,1822388460,1822392600,2026-06-19T11:58:35.751124Z,2026-06-19T11:58:35.751124Z
TRG01,2027,10,1449-05-01,1822426620,1822427220,1822431300,1822432800,1822453140,1822464720,1822474800,1822478940,2026-06-19T11:58:35.751124Z,2026-06-19T11:58:35.751124Z
TRG01,2027,10,1449-05-02,1822513020,1822513620,1822517700,1822519200,1822539540,1822551120,1822561200,1822565340,2026-06-19T11:58:35.751124Z,2026-06-19T11:58:35.751124Z
TRG01,2027,10,1449-05-03,1822599420,1822600020,1822604100,1822605600,1822625940,1822637520,1822647540,1822651680,2026-06-19T11:58:35.751124Z,2026-06-19T11:58:35.751124Z
TRG01,2027,10,1449-05-04,1822685760,1822686360,1822690500,1822692000,1822712280,1822723920,1822733940,1822738080,2026-06-19T11:58:35.751124Z,2026-06-19T11:58:35.751124Z
TRG01,2027,10,1449-05-05,1822772160,1822772760,1822776840,1822778340,1822798680,1822810320,1822820280,1822824480,2026-06-19T11:58:35.751124Z,2026-06-19T11:58:35.751124Z
TRG01,2027,10,1449-05-06,1822858560,1822859160,1822863240,1822864740,1822885080,1822896720,1822906680,1822910820,2026-06-19T11:58:35.751124Z,2026-06-19T11:58:35.751124Z
TRG01,2027,10,1449-05-07,1822944960,1822945560,1822949640,1822951140,1822971420,1822983120,1822993080,1822997220,2026-06-19T11:58:35.751124Z,2026-06-19T11:58:35.751124Z
TRG01,2027,10,1449-05-08,1823031360,1823031960,1823036040,1823037540,1823057820,1823069520,1823079420,1823083560,2026-06-19T11:58:35.751124Z,2026-06-19T11:58:35.751124Z
TRG01,2027,10,1449-05-09,1823117700,1823118300,1823122440,1823123940,1823144220,1823155920,1823165820,1823169960,2026-06-19T11:58:35.751124Z,2026-06-19T11:58:35.751124Z
TRG01,2027,10,1449-05-10,1823204100,1823204700,1823208840,1823210340,1823230620,1823242320,1823252160,1823256360,2026-06-19T11:58:35.751124Z,2026-06-19T11:58:35.751124Z
TRG01,2027,10,1449-05-11,1823290500,1823291100,1823295240,1823296740,1823316960,1823328720,1823338560,1823342700,2026-06-19T11:58:35.751124Z,2026-06-19T11:58:35.751124Z
TRG01,2027,10,1449-05-12,1823376900,1823377500,1823381580,1823383080,1823403360,1823415120,1823424960,1823429100,2026-06-19T11:58:35.751124Z,2026-06-19T11:58:35.751124Z
TRG01,2027,10,1449-05-13,1823463300,1823463900,1823467980,1823469480,1823489760,1823501520,1823511300,1823515500,2026-06-19T11:58:35.751124Z,2026-06-19T11:58:35.751124Z
TRG01,2027,10,1449-05-14,1823549700,1823550300,1823554380,1823555880,1823576160,1823587920,1823597700,1823601840,2026-06-19T11:58:35.751124Z,2026-06-19T11:58:35.751124Z
TRG01,2027,10,1449-05-15,1823636100,1823636700,1823640780,1823642280,1823662500,1823674320,1823684040,1823688240,2026-06-19T11:58:35.751124Z,2026-06-19T11:58:35.751124Z
TRG01,2027,10,1449-05-16,1823722440,1823723040,1823727180,1823728680,1823748900,1823760780,1823770440,1823774640,2026-06-19T11:58:35.751124Z,2026-06-19T11:58:35.751124Z
TRG01,2027,10,1449-05-17,1823808840,1823809440,1823813580,1823815080,1823835300,1823847180,1823856840,1823861040,2026-06-19T11:58:35.751124Z,2026-06-19T11:58:35.751124Z
TRG01,2027,10,1449-05-18,1823895240,1823895840,1823899980,1823901480,1823921700,1823933580,1823943180,1823947380,2026-06-19T11:58:35.751124Z,2026-06-19T11:58:35.751124Z
TRG01,2027,10,1449-05-19,1823981640,1823982240,1823986380,1823987880,1824008100,1824019980,1824029580,1824033780,2026-06-19T11:58:35.751124Z,2026-06-19T11:58:35.751124Z
TRG01,2027,10,1449-05-20,1824068040,1824068640,1824072780,1824074280,1824094440,1824106380,1824115980,1824120180,2026-06-19T11:58:35.751124Z,2026-06-19T11:58:35.751124Z
TRG01,2027,10,1449-05-21,1824154440,1824155040,1824159180,1824160680,1824180840,1824192780,1824202320,1824206580,2026-06-19T11:58:35.751124Z,2026-06-19T11:58:35.751124Z
TRG01,2027,10,1449-05-22,1824240840,1824241440,1824245580,1824247080,1824267240,1824279180,1824288720,1824292920,2026-06-19T11:58:35.751124Z,2026-06-19T11:58:35.751124Z
TRG01,2027,10,1449-05-23,1824327240,1824327840,1824331980,1824333480,1824353640,1824365580,1824375120,1824379320,2026-06-19T11:58:35.751124Z,2026-06-19T11:58:35.751124Z
TRG01,2027,10,1449-05-24,1824413580,1824414180,1824418380,1824419880,1824440040,1824451980,1824461520,1824465720,2026-06-19T11:58:35.751124Z,2026-06-19T11:58:35.751124Z
TRG01,2027,10,1449-05-25,1824499980,1824500580,1824504780,1824506280,1824526440,1824538380,1824547860,1824552120,2026-06-19T11:58:35.751124Z,2026-06-19T11:58:35.751124Z
TRG01,2027,10,1449-05-26,1824586380,1824586980,1824591180,1824592680,1824612840,1824624780,1824634260,1824638520,2026-06-19T11:58:35.751124Z,2026-06-19T11:58:35.751124Z
TRG01,2027,10,1449-05-27,1824672780,1824673380,1824677580,1824679080,1824699240,1824711180,1824720660,1824724920,2026-06-19T11:58:35.751124Z,2026-06-19T11:58:35.751124Z
TRG01,2027,10,1449-05-28,1824759180,1824759780,1824763980,1824765480,1824785580,1824797580,1824807060,1824811320,2026-06-19T11:58:35.751124Z,2026-06-19T11:58:35.751124Z
TRG01,2027,10,1449-05-29,1824845580,1824846180,1824850380,1824851880,1824871980,1824883980,1824893460,1824897660,2026-06-19T11:58:35.751124Z,2026-06-19T11:58:35.751124Z
TRG01,2027,10,1449-06-01,1824931980,1824932580,1824936780,1824938280,1824958380,1824970380,1824979800,1824984060,2026-06-19T11:58:35.751124Z,2026-06-19T11:58:35.751124Z
TRG01,2027,11,1449-06-02,1825018380,1825018980,1825023180,1825024680,1825044780,1825056780,1825066200,1825070460,2026-06-19T11:58:35.751124Z,2026-06-19T11:58:35.751124Z
TRG01,2027,11,1449-06-03,1825104780,1825105380,1825109580,1825111080,1825131180,1825143240,1825152600,1825156860,2026-06-19T11:58:35.751124Z,2026-06-19T11:58:35.751124Z
TRG01,2027,11,1449-06-04,1825191180,1825191780,1825195980,1825197480,1825217580,1825229640,1825239000,1825243260,2026-06-19T11:58:35.751124Z,2026-06-19T11:58:35.751124Z
TRG01,2027,11,1449-06-05,1825277580,1825278180,1825282380,1825283880,1825303980,1825316040,1825325400,1825329660,2026-06-19T11:58:35.751124Z,2026-06-19T11:58:35.751124Z
TRG01,2027,11,1449-06-06,1825363980,1825364580,1825368840,1825370340,1825390380,1825402440,1825411800,1825416060,2026-06-19T11:58:35.751124Z,2026-06-19T11:58:35.751124Z
TRG01,2027,11,1449-06-07,1825450380,1825450980,1825455240,1825456740,1825476780,1825488840,1825498200,1825502460,2026-06-19T11:58:35.751124Z,2026-06-19T11:58:35.751124Z
TRG01,2027,11,1449-06-08,1825536780,1825537380,1825541640,1825543140,1825563180,1825575240,1825584600,1825588860,2026-06-19T11:58:35.751124Z,2026-06-19T11:58:35.751124Z
TRG01,2027,11,1449-06-09,1825623180,1825623780,1825628040,1825629540,1825649580,1825661640,1825671000,1825675260,2026-06-19T11:58:35.751124Z,2026-06-19T11:58:35.751124Z
TRG01,2027,11,1449-06-10,1825709580,1825710180,1825714440,1825715940,1825735980,1825748040,1825757400,1825761660,2026-06-19T11:58:35.751124Z,2026-06-19T11:58:35.751124Z
TRG01,2027,11,1449-06-11,1825796040,1825796640,1825800840,1825802340,1825822440,1825834500,1825843800,1825848060,2026-06-19T11:58:35.751124Z,2026-06-19T11:58:35.751124Z
TRG01,2027,11,1449-06-12,1825882440,1825883040,1825887300,1825888800,1825908840,1825920900,1825930200,1825934520,2026-06-19T11:58:35.751124Z,2026-06-19T11:58:35.751124Z
TRG01,2027,11,1449-06-13,1825968840,1825969440,1825973700,1825975200,1825995240,1826007300,1826016600,1826020920,2026-06-19T11:58:35.751124Z,2026-06-19T11:58:35.751124Z
TRG01,2027,11,1449-06-14,1826055240,1826055840,1826060100,1826061600,1826081640,1826093700,1826103000,1826107320,2026-06-19T11:58:35.751124Z,2026-06-19T11:58:35.751124Z
TRG01,2027,11,1449-06-15,1826141640,1826142240,1826146500,1826148000,1826168040,1826180100,1826189400,1826193720,2026-06-19T11:58:35.751124Z,2026-06-19T11:58:35.751124Z
TRG01,2027,11,1449-06-16,1826228040,1826228640,1826232960,1826234460,1826254440,1826266560,1826275800,1826280120,2026-06-19T11:58:35.751124Z,2026-06-19T11:58:35.751124Z
TRG01,2027,11,1449-06-17,1826314440,1826315040,1826319360,1826320860,1826340840,1826352960,1826362200,1826366520,2026-06-19T11:58:35.751124Z,2026-06-19T11:58:35.751124Z
TRG01,2027,11,1449-06-18,1826400840,1826401440,1826405760,1826407260,1826427300,1826439360,1826448600,1826452920,2026-06-19T11:58:35.751124Z,2026-06-19T11:58:35.751124Z
TRG01,2027,11,1449-06-19,1826487300,1826487900,1826492160,1826493660,1826513700,1826525760,1826535000,1826539380,2026-06-19T11:58:35.751124Z,2026-06-19T11:58:35.751124Z
TRG01,2027,11,1449-06-20,1826573700,1826574300,1826578620,1826580120,1826600100,1826612160,1826621400,1826625780,2026-06-19T11:58:35.751124Z,2026-06-19T11:58:35.751124Z
TRG01,2027,11,1449-06-21,1826660100,1826660700,1826665020,1826666520,1826686500,1826698620,1826707800,1826712180,2026-06-19T11:58:35.751124Z,2026-06-19T11:58:35.751124Z
TRG01,2027,11,1449-06-22,1826746500,1826747100,1826751420,1826752920,1826772900,1826785020,1826794200,1826798580,2026-06-19T11:58:35.751124Z,2026-06-19T11:58:35.751124Z
TRG01,2027,11,1449-06-23,1826832960,1826833560,1826837880,1826839380,1826859360,1826871420,1826880600,1826885040,2026-06-19T11:58:35.751124Z,2026-06-19T11:58:35.751124Z
TRG01,2027,11,1449-06-24,1826919360,1826919960,1826924280,1826925780,1826945760,1826957820,1826967060,1826971440,2026-06-19T11:58:35.751124Z,2026-06-19T11:58:35.751124Z
TRG01,2027,11,1449-06-25,1827005760,1827006360,1827010680,1827012180,1827032160,1827044280,1827053460,1827057840,2026-06-19T11:58:35.751124Z,2026-06-19T11:58:35.751124Z
TRG01,2027,11,1449-06-26,1827092160,1827092760,1827097140,1827098640,1827118620,1827130680,1827139860,1827144300,2026-06-19T11:58:35.751124Z,2026-06-19T11:58:35.751124Z
TRG01,2027,11,1449-06-27,1827178620,1827179220,1827183540,1827185040,1827205020,1827217080,1827226260,1827230700,2026-06-19T11:58:35.751124Z,2026-06-19T11:58:35.751124Z
TRG01,2027,11,1449-06-28,1827265020,1827265620,1827270000,1827271500,1827291420,1827303540,1827312720,1827317100,2026-06-19T11:58:35.751124Z,2026-06-19T11:58:35.751124Z
TRG01,2027,11,1449-06-29,1827351420,1827352020,1827356400,1827357900,1827377820,1827389940,1827399120,1827403560,2026-06-19T11:58:35.751124Z,2026-06-19T11:58:35.751124Z
TRG01,2027,11,1449-06-30,1827437880,1827438480,1827442800,1827444300,1827464280,1827476340,1827485520,1827489960,2026-06-19T11:58:35.751124Z,2026-06-19T11:58:35.751124Z
TRG01,2027,11,1449-07-01,1827524280,1827524880,1827529260,1827530760,1827550680,1827562800,1827571920,1827576360,2026-06-19T11:58:35.751124Z,2026-06-19T11:58:35.751124Z
TRG01,2027,12,1449-07-02,1827610680,1827611280,1827615660,1827617160,1827637140,1827649200,1827658380,1827662820,2026-06-19T11:58:35.751124Z,2026-06-19T11:58:35.751124Z
TRG01,2027,12,1449-07-03,1827697140,1827697740,1827702120,1827703620,1827723540,1827735660,1827744780,1827749220,2026-06-19T11:58:35.751124Z,2026-06-19T11:58:35.751124Z
TRG01,2027,12,1449-07-04,1827783540,1827784140,1827788520,1827790020,1827809940,1827822060,1827831180,1827835620,2026-06-19T11:58:35.751124Z,2026-06-19T11:58:35.751124Z
TRG01,2027,12,1449-07-05,1827869940,1827870540,1827874980,1827876480,1827896400,1827908460,1827917640,1827922080,2026-06-19T11:58:35.751124Z,2026-06-19T11:58:35.751124Z
TRG01,2027,12,1449-07-06,1827956400,1827957000,1827961380,1827962880,1827982800,1827994920,1828004040,1828008480,2026-06-19T11:58:35.751124Z,2026-06-19T11:58:35.751124Z
TRG01,2027,12,1449-07-07,1828042800,1828043400,1828047840,1828049340,1828069260,1828081320,1828090440,1828094940,2026-06-19T11:58:35.751124Z,2026-06-19T11:58:35.751124Z
TRG01,2027,12,1449-07-08,1828129260,1828129860,1828134240,1828135740,1828155660,1828167780,1828176900,1828181340,2026-06-19T11:58:35.751124Z,2026-06-19T11:58:35.751124Z
TRG01,2027,12,1449-07-09,1828215660,1828216260,1828220640,1828222140,1828242060,1828254180,1828263300,1828267800,2026-06-19T11:58:35.751124Z,2026-06-19T11:58:35.751124Z
TRG01,2027,12,1449-07-10,1828302060,1828302660,1828307100,1828308600,1828328520,1828340580,1828349760,1828354200,2026-06-19T11:58:35.751124Z,2026-06-19T11:58:35.751124Z
TRG01,2027,12,1449-07-11,1828388520,1828389120,1828393500,1828395000,1828414920,1828427040,1828436160,1828440660,2026-06-19T11:58:35.751124Z,2026-06-19T11:58:35.751124Z
TRG01,2027,12,1449-07-12,1828474920,1828475520,1828479960,1828481460,1828501380,1828513440,1828522560,1828527060,2026-06-19T11:58:35.751124Z,2026-06-19T11:58:35.751124Z
TRG01,2027,12,1449-07-13,1828561380,1828561980,1828566360,1828567860,1828587780,1828599900,1828609020,1828613460,2026-06-19T11:58:35.751124Z,2026-06-19T11:58:35.751124Z
TRG01,2027,12,1449-07-14,1828647780,1828648380,1828652820,1828654320,1828674240,1828686300,1828695420,1828699920,2026-06-19T11:58:35.751124Z,2026-06-19T11:58:35.751124Z
TRG01,2027,12,1449-07-15,1828734240,1828734840,1828739220,1828740720,1828760640,1828772760,1828781880,1828786320,2026-06-19T11:58:35.751124Z,2026-06-19T11:58:35.751124Z
TRG01,2027,12,1449-07-16,1828820640,1828821240,1828825680,1828827180,1828847100,1828859160,1828868280,1828872780,2026-06-19T11:58:35.751124Z,2026-06-19T11:58:35.751124Z
TRG01,2027,12,1449-07-17,1828907100,1828907700,1828912080,1828913580,1828933500,1828945620,1828954740,1828959180,2026-06-19T11:58:35.751124Z,2026-06-19T11:58:35.751124Z
TRG01,2027,12,1449-07-18,1828993500,1828994100,1828998540,1829000040,1829019960,1829032020,1829041140,1829045640,2026-06-19T11:58:35.751124Z,2026-06-19T11:58:35.751124Z
TRG01,2027,12,1449-07-19,1829079960,1829080560,1829084940,1829086440,1829106360,1829118480,1829127540,1829132040,2026-06-19T11:58:35.751124Z,2026-06-19T11:58:35.751124Z
TRG01,2027,12,1449-07-20,1829166360,1829166960,1829171400,1829172900,1829192820,1829204880,1829214000,1829218500,2026-06-19T11:58:35.751124Z,2026-06-19T11:58:35.751124Z
TRG01,2027,12,1449-07-21,1829252760,1829253360,1829257800,1829259300,1829279220,1829291340,1829300400,1829304900,2026-06-19T11:58:35.751124Z,2026-06-19T11:58:35.751124Z
TRG01,2027,12,1449-07-22,1829339220,1829339820,1829344260,1829345760,1829365620,1829377740,1829386860,1829391360,2026-06-19T11:58:35.751124Z,2026-06-19T11:58:35.751124Z
TRG01,2027,12,1449-07-23,1829425620,1829426220,1829430660,1829432160,1829452080,1829464200,1829473260,1829477760,2026-06-19T11:58:35.751124Z,2026-06-19T11:58:35.751124Z
TRG01,2027,12,1449-07-24,1829512080,1829512680,1829517120,1829518620,1829538480,1829550600,1829559720,1829564220,2026-06-19T11:58:35.751124Z,2026-06-19T11:58:35.751124Z
TRG01,2027,12,1449-07-25,1829598480,1829599080,1829603520,1829605020,1829624940,1829637060,1829646120,1829650620,2026-06-19T11:58:35.751124Z,2026-06-19T11:58:35.751124Z
TRG01,2027,12,1449-07-26,1829684940,1829685540,1829689980,1829691480,1829711340,1829723460,1829732580,1829737080,2026-06-19T11:58:35.751124Z,2026-06-19T11:58:35.751124Z
TRG01,2027,12,1449-07-27,1829771340,1829771940,1829776380,1829777880,1829797800,1829809920,1829818980,1829823480,2026-06-19T11:58:35.751124Z,2026-06-19T11:58:35.751124Z
TRG01,2027,12,1449-07-28,1829857800,1829858400,1829862840,1829864340,1829884200,1829896320,1829905440,1829909940,2026-06-19T11:58:35.751124Z,2026-06-19T11:58:35.751124Z
TRG01,2027,12,1449-07-29,1829944200,1829944800,1829949240,1829950740,1829970660,1829982780,1829991840,1829996340,2026-06-19T11:58:35.751124Z,2026-06-19T11:58:35.751124Z
TRG01,2027,12,1449-08-01,1830030660,1830031260,1830035700,1830037200,1830057060,1830069180,1830078300,1830082800,2026-06-19T11:58:35.751124Z,2026-06-19T11:58:35.751124Z
TRG01,2027,12,1449-08-02,1830117060,1830117660,1830122100,1830123600,1830143520,1830155640,1830164760,1830169200,2026-06-19T11:58:35.751124Z,2026-06-19T11:58:35.751124Z
TRG01,2027,12,1449-08-03,1830203520,1830204120,1830208560,1830210060,1830229920,1830242040,1830251160,1830255660,2026-06-19T11:58:35.751124Z,2026-06-19T11:58:35.751124Z
TRG02,2027,01,1448-07-22,1798754100,1798754700,1798759140,1798760640,1798780500,1798792620,1798801740,1798806180,2026-06-19T11:58:36.026216Z,2026-06-19T11:58:36.026216Z
TRG02,2027,01,1448-07-23,1798840560,1798841160,1798845540,1798847040,1798866960,1798879020,1798888140,1798892640,2026-06-19T11:58:36.026216Z,2026-06-19T11:58:36.026216Z
TRG02,2027,01,1448-07-24,1798926960,1798927560,1798932000,1798933500,1798953360,1798965480,1798974600,1798979040,2026-06-19T11:58:36.026216Z,2026-06-19T11:58:36.026216Z
TRG02,2027,01,1448-07-25,1799013360,1799013960,1799018400,1799019900,1799039820,1799051880,1799061000,1799065500,2026-06-19T11:58:36.026216Z,2026-06-19T11:58:36.026216Z
TRG02,2027,01,1448-07-26,1799099820,1799100420,1799104800,1799106300,1799126220,1799138340,1799147460,1799151900,2026-06-19T11:58:36.026216Z,2026-06-19T11:58:36.026216Z
TRG02,2027,01,1448-07-27,1799186220,1799186820,1799191260,1799192760,1799212680,1799224740,1799233860,1799238300,2026-06-19T11:58:36.026216Z,2026-06-19T11:58:36.026216Z
TRG02,2027,01,1448-07-28,1799272680,1799273280,1799277660,1799279160,1799299080,1799311140,1799320320,1799324760,2026-06-19T11:58:36.026216Z,2026-06-19T11:58:36.026216Z
TRG02,2027,01,1448-07-29,1799359080,1799359680,1799364120,1799365620,1799385480,1799397600,1799406720,1799411160,2026-06-19T11:58:36.026216Z,2026-06-19T11:58:36.026216Z
TRG02,2027,01,1448-07-30,1799445540,1799446140,1799450520,1799452020,1799471940,1799484000,1799493180,1799497620,2026-06-19T11:58:36.026216Z,2026-06-19T11:58:36.026216Z
TRG02,2027,01,1448-08-01,1799531940,1799532540,1799536920,1799538420,1799558340,1799570460,1799579580,1799584020,2026-06-19T11:58:36.026216Z,2026-06-19T11:58:36.026216Z
TRG02,2027,01,1448-08-02,1799618400,1799619000,1799623380,1799624880,1799644800,1799656860,1799665980,1799670480,2026-06-19T11:58:36.026216Z,2026-06-19T11:58:36.026216Z
TRG02,2027,01,1448-08-03,1799704800,1799705400,1799709780,1799711280,1799731200,1799743320,1799752440,1799756880,2026-06-19T11:58:36.026216Z,2026-06-19T11:58:36.026216Z
TRG02,2027,01,1448-08-04,1799791200,1799791800,1799796180,1799797680,1799817600,1799829720,1799838840,1799843280,2026-06-19T11:58:36.026216Z,2026-06-19T11:58:36.026216Z
TRG02,2027,01,1448-08-05,1799877660,1799878260,1799882640,1799884140,1799904060,1799916120,1799925300,1799929740,2026-06-19T11:58:36.026216Z,2026-06-19T11:58:36.026216Z
TRG02,2027,01,1448-08-06,1799964060,1799964660,1799969040,1799970540,1799990460,1800002580,1800011700,1800016140,2026-06-19T11:58:36.026216Z,2026-06-19T11:58:36.026216Z
TRG02,2027,01,1448-08-07,1800050520,1800051120,1800055440,1800056940,1800076860,1800088980,1800098160,1800102540,2026-06-19T11:58:36.026216Z,2026-06-19T11:58:36.026216Z
TRG02,2027,01,1448-08-08,1800136920,1800137520,1800141840,1800143340,1800163320,1800175380,1800184560,1800189000,2026-06-19T11:58:36.026216Z,2026-06-19T11:58:36.026216Z
TRG02,2027,01,1448-08-09,1800223320,1800223920,1800228300,1800229800,1800249720,1800261840,1800271020,1800275400,2026-06-19T11:58:36.026216Z,2026-06-19T11:58:36.026216Z
TRG02,2027,01,1448-08-10,1800309780,1800310380,1800314700,1800316200,1800336120,1800348240,1800357420,1800361800,2026-06-19T11:58:36.026216Z,2026-06-19T11:58:36.026216Z
TRG02,2027,01,1448-08-11,1800396180,1800396780,1800401100,1800402600,1800422580,1800434640,1800443820,1800448260,2026-06-19T11:58:36.026216Z,2026-06-19T11:58:36.026216Z
TRG02,2027,01,1448-08-12,1800482580,1800483180,1800487500,1800489000,1800508980,1800521100,1800530280,1800534660,2026-06-19T11:58:36.026216Z,2026-06-19T11:58:36.026216Z
TRG02,2027,01,1448-08-13,1800568980,1800569580,1800573960,1800575460,1800595380,1800607500,1800616680,1800621060,2026-06-19T11:58:36.026216Z,2026-06-19T11:58:36.026216Z
TRG02,2027,01,1448-08-14,1800655440,1800656040,1800660360,1800661860,1800681840,1800693900,1800703080,1800707460,2026-06-19T11:58:36.026216Z,2026-06-19T11:58:36.026216Z
TRG02,2027,01,1448-08-15,1800741840,1800742440,1800746760,1800748260,1800768240,1800780300,1800789540,1800793920,2026-06-19T11:58:36.026216Z,2026-06-19T11:58:36.026216Z
TRG02,2027,01,1448-08-16,1800828240,1800828840,1800833160,1800834660,1800854640,1800866700,1800875940,1800880320,2026-06-19T11:58:36.026216Z,2026-06-19T11:58:36.026216Z
TRG02,2027,01,1448-08-17,1800914640,1800915240,1800919560,1800921060,1800941040,1800953160,1800962340,1800966720,2026-06-19T11:58:36.026216Z,2026-06-19T11:58:36.026216Z
TRG02,2027,01,1448-08-18,1801001100,1801001700,1801005960,1801007460,1801027500,1801039560,1801048800,1801053120,2026-06-19T11:58:36.026216Z,2026-06-19T11:58:36.026216Z
TRG02,2027,01,1448-08-19,1801087500,1801088100,1801092360,1801093860,1801113900,1801125960,1801135200,1801139520,2026-06-19T11:58:36.026216Z,2026-06-19T11:58:36.026216Z
TRG02,2027,01,1448-08-20,1801173900,1801174500,1801178760,1801180260,1801200300,1801212360,1801221600,1801225980,2026-06-19T11:58:36.026216Z,2026-06-19T11:58:36.026216Z
TRG02,2027,01,1448-08-21,1801260300,1801260900,1801265160,1801266660,1801286700,1801298760,1801308060,1801312380,2026-06-19T11:58:36.026216Z,2026-06-19T11:58:36.026216Z
TRG02,2027,01,1448-08-22,1801346700,1801347300,1801351620,1801353120,1801373100,1801385160,1801394460,1801398780,2026-06-19T11:58:36.026216Z,2026-06-19T11:58:36.026216Z
TRG02,2027,02,1448-08-23,1801433160,1801433760,1801438020,1801439520,1801459500,1801471560,1801480860,1801485180,2026-06-19T11:58:36.026216Z,2026-06-19T11:58:36.026216Z
TRG02,2027,02,1448-08-24,1801519560,1801520160,1801524420,1801525920,1801545960,1801557960,1801567260,1801571580,2026-06-19T11:58:36.026216Z,2026-06-19T11:58:36.026216Z
TRG02,2027,02,1448-08-25,1801605960,1801606560,1801610820,1801612320,1801632360,1801644420,1801653720,1801657980,2026-06-19T11:58:36.026216Z,2026-06-19T11:58:36.026216Z
TRG02,2027,02,1448-08-26,1801692360,1801692960,1801697220,1801698720,1801718760,1801730820,1801740120,1801744380,2026-06-19T11:58:36.026216Z,2026-06-19T11:58:36.026216Z
TRG02,2027,02,1448-08-27,1801778760,1801779360,1801783620,1801785120,1801805160,1801817220,1801826520,1801830840,2026-06-19T11:58:36.026216Z,2026-06-19T11:58:36.026216Z
TRG02,2027,02,1448-08-28,1801865160,1801865760,1801869960,1801871460,1801891560,1801903620,1801912920,1801917240,2026-06-19T11:58:36.026216Z,2026-06-19T11:58:36.026216Z
TRG02,2027,02,1448-08-29,1801951560,1801952160,1801956360,1801957860,1801977960,1801989960,1801999320,1802003640,2026-06-19T11:58:36.026216Z,2026-06-19T11:58:36.026216Z
TRG02,2027,02,1448-09-01,1802037960,1802038560,1802042760,1802044260,1802064360,1802076360,1802085780,1802090040,2026-06-19T11:58:36.026216Z,2026-06-19T11:58:36.026216Z
TRG02,2027,02,1448-09-02,1802124360,1802124960,1802129160,1802130660,1802150760,1802162760,1802172180,1802176440,2026-06-19T11:58:36.026216Z,2026-06-19T11:58:36.026216Z
TRG02,2027,02,1448-09-03,1802210760,1802211360,1802215560,1802217060,1802237160,1802249160,1802258580,1802262840,2026-06-19T11:58:36.026216Z,2026-06-19T11:58:36.026216Z
TRG02,2027,02,1448-09-04,1802297160,1802297760,1802301960,1802303460,1802323560,1802335560,1802344980,1802349240,2026-06-19T11:58:36.026216Z,2026-06-19T11:58:36.026216Z
TRG02,2027,02,1448-09-05,1802383560,1802384160,1802388360,1802389860,1802409960,1802421960,1802431380,1802435640,2026-06-19T11:58:36.026216Z,2026-06-19T11:58:36.026216Z
TRG02,2027,02,1448-09-06,1802469960,1802470560,1802474760,1802476260,1802496360,1802508360,1802517780,1802522040,2026-06-19T11:58:36.026216Z,2026-06-19T11:58:36.026216Z
TRG02,2027,02,1448-09-07,1802556360,1802556960,1802561160,1802562660,1802582760,1802594760,1802604180,1802608440,2026-06-19T11:58:36.026216Z,2026-06-19T11:58:36.026216Z
TRG02,2027,02,1448-09-08,1802642760,1802643360,1802647500,1802649000,1802669160,1802681100,1802690640,1802694840,2026-06-19T11:58:36.026216Z,2026-06-19T11:58:36.026216Z
TRG02,2027,02,1448-09-09,1802729160,1802729760,1802733900,1802735400,1802755560,1802767500,1802777040,1802781240,2026-06-19T11:58:36.026216Z,2026-06-19T11:58:36.026216Z
TRG02,2027,02,1448-09-10,1802815560,1802816160,1802820300,1802821800,1802841960,1802853900,1802863440,1802867640,2026-06-19T11:58:36.026216Z,2026-06-19T11:58:36.026216Z
TRG02,2027,02,1448-09-11,1802901960,1802902560,1802906700,1802908200,1802928360,1802940300,1802949840,1802954040,2026-06-19T11:58:36.026216Z,2026-06-19T11:58:36.026216Z
TRG02,2027,02,1448-09-12,1802988300,1802988900,1802993100,1802994600,1803014760,1803026700,1803036240,1803040440,2026-06-19T11:58:36.026216Z,2026-06-19T11:58:36.026216Z
TRG02,2027,02,1448-09-13,1803074700,1803075300,1803079440,1803080940,1803101160,1803113040,1803122640,1803126840,2026-06-19T11:58:36.026216Z,2026-06-19T11:58:36.026216Z
TRG02,2027,02,1448-09-14,1803161100,1803161700,1803165840,1803167340,1803187560,1803199440,1803209040,1803213240,2026-06-19T11:58:36.026216Z,2026-06-19T11:58:36.026216Z
TRG02,2027,02,1448-09-15,1803247500,1803248100,1803252240,1803253740,1803273900,1803285840,1803295440,1803299640,2026-06-19T11:58:36.026216Z,2026-06-19T11:58:36.026216Z
TRG02,2027,02,1448-09-16,1803333900,1803334500,1803338640,1803340140,1803360300,1803372180,1803381840,1803386040,2026-06-19T11:58:36.026216Z,2026-06-19T11:58:36.026216Z
TRG02,2027,02,1448-09-17,1803420300,1803420900,1803424980,1803426480,1803446700,1803458580,1803468240,1803472440,2026-06-19T11:58:36.026216Z,2026-06-19T11:58:36.026216Z
TRG02,2027,02,1448-09-18,1803506640,1803507240,1803511380,1803512880,1803533100,1803544920,1803554640,1803558840,2026-06-19T11:58:36.026216Z,2026-06-19T11:58:36.026216Z
TRG02,2027,02,1448-09-19,1803593040,1803593640,1803597780,1803599280,1803619500,1803631320,1803641040,1803645180,2026-06-19T11:58:36.026216Z,2026-06-19T11:58:36.026216Z
TRG02,2027,02,1448-09-20,1803679440,1803680040,1803684120,1803685620,1803705900,1803717720,1803727440,1803731580,2026-06-19T11:58:36.026216Z,2026-06-19T11:58:36.026216Z
TRG02,2027,02,1448-09-21,1803765840,1803766440,1803770520,1803772020,1803792240,1803804060,1803813840,1803817980,2026-06-19T11:58:36.026216Z,2026-06-19T11:58:36.026216Z
TRG02,2027,03,1448-09-22,1803852180,1803852780,1803856920,1803858420,1803878640,1803890460,1803900240,1803904380,2026-06-19T11:58:36.026216Z,2026-06-19T11:58:36.026216Z
TRG02,2027,03,1448-09-23,1803938580,1803939180,1803943260,1803944760,1803965040,1803976800,1803986640,1803990780,2026-06-19T11:58:36.026216Z,2026-06-19T11:58:36.026216Z
TRG02,2027,03,1448-09-24,1804024980,1804025580,1804029660,1804031160,1804051440,1804063200,1804073040,1804077180,2026-06-19T11:58:36.026216Z,2026-06-19T11:58:36.026216Z
TRG02,2027,03,1448-09-25,1804111320,1804111920,1804116060,1804117560,1804137840,1804149540,1804159440,1804163580,2026-06-19T11:58:36.026216Z,2026-06-19T11:58:36.026216Z
TRG02,2027,03,1448-09-26,1804197720,1804198320,1804202400,1804203900,1804224180,1804235940,1804245780,1804249980,2026-06-19T11:58:36.026216Z,2026-06-19T11:58:36.026216Z
TRG02,2027,03,1448-09-27,1804284120,1804284720,1804288800,1804290300,1804310580,1804322280,1804332180,1804336380,2026-06-19T11:58:36.026216Z,2026-06-19T11:58:36.026216Z
TRG02,2027,03,1448-09-28,1804370460,1804371060,1804375200,1804376700,1804396980,1804408620,1804418580,1804422780,2026-06-19T11:58:36.026216Z,2026-06-19T11:58:36.026216Z
TRG02,2027,03,1448-09-29,1804456860,1804457460,1804461540,1804463040,1804483380,1804495020,1804504980,1804509120,2026-06-19T11:58:36.026216Z,2026-06-19T11:58:36.026216Z
TRG02,2027,03,1448-09-30,1804543260,1804543860,1804547940,1804549440,1804569780,1804581360,1804591380,1804595520,2026-06-19T11:58:36.026216Z,2026-06-19T11:58:36.026216Z
TRG02,2027,03,1448-10-01,1804629600,1804630200,1804634280,1804635780,1804656120,1804667760,1804677780,1804681920,2026-06-19T11:58:36.026216Z,2026-06-19T11:58:36.026216Z
TRG02,2027,03,1448-10-02,1804716000,1804716600,1804720680,1804722180,1804742520,1804754100,1804764180,1804768320,2026-06-19T11:58:36.026216Z,2026-06-19T11:58:36.026216Z
TRG02,2027,03,1448-10-03,1804802400,1804803000,1804807080,1804808580,1804828920,1804840440,1804850580,1804854720,2026-06-19T11:58:36.026216Z,2026-06-19T11:58:36.026216Z
TRG02,2027,03,1448-10-04,1804888740,1804889340,1804893420,1804894920,1804915320,1804926780,1804936980,1804941120,2026-06-19T11:58:36.026216Z,2026-06-19T11:58:36.026216Z
TRG02,2027,03,1448-10-05,1804975140,1804975740,1804979820,1804981320,1805001660,1805013180,1805023380,1805027520,2026-06-19T11:58:36.026216Z,2026-06-19T11:58:36.026216Z
TRG02,2027,03,1448-10-06,1805061480,1805062080,1805066160,1805067660,1805088060,1805099520,1805109720,1805113860,2026-06-19T11:58:36.026216Z,2026-06-19T11:58:36.026216Z
TRG02,2027,03,1448-10-07,1805147880,1805148480,1805152560,1805154060,1805174460,1805185860,1805196120,1805200260,2026-06-19T11:58:36.026216Z,2026-06-19T11:58:36.026216Z
TRG02,2027,03,1448-10-08,1805234280,1805234880,1805238960,1805240460,1805260800,1805272260,1805282520,1805286660,2026-06-19T11:58:36.026216Z,2026-06-19T11:58:36.026216Z
TRG02,2027,03,1448-10-09,1805320620,1805321220,1805325300,1805326800,1805347200,1805358600,1805368920,1805373060,2026-06-19T11:58:36.026216Z,2026-06-19T11:58:36.026216Z
TRG02,2027,03,1448-10-10,1805407020,1805407620,1805411700,1805413200,1805433600,1805444940,1805455320,1805459460,2026-06-19T11:58:36.026216Z,2026-06-19T11:58:36.026216Z
TRG02,2027,03,1448-10-11,1805493360,1805493960,1805498040,1805499540,1805520000,1805531280,1805541720,1805545860,2026-06-19T11:58:36.026216Z,2026-06-19T11:58:36.026216Z
TRG02,2027,03,1448-10-12,1805579760,1805580360,1805584440,1805585940,1805606340,1805617620,1805628120,1805632260,2026-06-19T11:58:36.026216Z,2026-06-19T11:58:36.026216Z
TRG02,2027,03,1448-10-13,1805666100,1805666700,1805670780,1805672280,1805692740,1805703960,1805714460,1805718600,2026-06-19T11:58:36.026216Z,2026-06-19T11:58:36.026216Z
TRG02,2027,03,1448-10-14,1805752500,1805753100,1805757180,1805758680,1805779140,1805790360,1805800860,1805805000,2026-06-19T11:58:36.026216Z,2026-06-19T11:58:36.026216Z
TRG02,2027,03,1448-10-15,1805838840,1805839440,1805843520,1805845020,1805865480,1805876700,1805887260,1805891400,2026-06-19T11:58:36.026216Z,2026-06-19T11:58:36.026216Z
TRG02,2027,03,1448-10-16,1805925240,1805925840,1805929920,1805931420,1805951880,1805963040,1805973660,1805977800,2026-06-19T11:58:36.026216Z,2026-06-19T11:58:36.026216Z
TRG02,2027,03,1448-10-17,1806011580,1806012180,1806016320,1806017820,1806038280,1806049380,1806060060,1806064200,2026-06-19T11:58:36.026216Z,2026-06-19T11:58:36.026216Z
TRG02,2027,03,1448-10-18,1806097980,1806098580,1806102660,1806104160,1806124620,1806135720,1806146460,1806150600,2026-06-19T11:58:36.026216Z,2026-06-19T11:58:36.026216Z
TRG02,2027,03,1448-10-19,1806184380,1806184980,1806189060,1806190560,1806211020,1806222060,1806232860,1806237000,2026-06-19T11:58:36.026216Z,2026-06-19T11:58:36.026216Z
TRG02,2027,03,1448-10-20,1806270720,1806271320,1806275400,1806276900,1806297420,1806308400,1806319200,1806323400,2026-06-19T11:58:36.026216Z,2026-06-19T11:58:36.026216Z
TRG02,2027,03,1448-10-21,1806357120,1806357720,1806361800,1806363300,1806383820,1806394740,1806405600,1806409740,2026-06-19T11:58:36.026216Z,2026-06-19T11:58:36.026216Z
TRG02,2027,03,1448-10-22,1806443460,1806444060,1806448140,1806449640,1806470160,1806481080,1806492000,1806496140,2026-06-19T11:58:36.026216Z,2026-06-19T11:58:36.026216Z
TRG02,2027,04,1448-10-23,1806529860,1806530460,1806534540,1806536040,1806556560,1806567420,1806578400,1806582540,2026-06-19T11:58:36.026216Z,2026-06-19T11:58:36.026216Z
TRG02,2027,04,1448-10-24,1806616200,1806616800,1806620880,1806622380,1806642960,1806653760,1806664800,1806668940,2026-06-19T11:58:36.026216Z,2026-06-19T11:58:36.026216Z
TRG02,2027,04,1448-10-25,1806702600,1806703200,1806707280,1806708780,1806729300,1806740100,1806751200,1806755340,2026-06-19T11:58:36.026216Z,2026-06-19T11:58:36.026216Z
TRG02,2027,04,1448-10-26,1806788940,1806789540,1806793680,1806795180,1806815700,1806826500,1806837600,1806841740,2026-06-19T11:58:36.026216Z,2026-06-19T11:58:36.026216Z
TRG02,2027,04,1448-10-27,1806875340,1806875940,1806880020,1806881520,1806902100,1806912960,1806923940,1806928140,2026-06-19T11:58:36.026216Z,2026-06-19T11:58:36.026216Z
TRG02,2027,04,1448-10-28,1806961680,1806962280,1806966420,1806967920,1806988440,1806999360,1807010340,1807014540,2026-06-19T11:58:36.026216Z,2026-06-19T11:58:36.026216Z
TRG02,2027,04,1448-10-29,1807048080,1807048680,1807052760,1807054260,1807074840,1807085820,1807096740,1807100940,2026-06-19T11:58:36.026216Z,2026-06-19T11:58:36.026216Z
TRG02,2027,04,1448-10-30,1807134420,1807135020,1807139160,1807140660,1807161240,1807172220,1807183140,1807187340,2026-06-19T11:58:36.026216Z,2026-06-19T11:58:36.026216Z
TRG02,2027,04,1448-11-01,1807220820,1807221420,1807225500,1807227000,1807247640,1807258680,1807269540,1807273740,2026-06-19T11:58:36.026216Z,2026-06-19T11:58:36.026216Z
TRG02,2027,04,1448-11-02,1807307160,1807307760,1807311900,1807313400,1807333980,1807345080,1807355940,1807360140,2026-06-19T11:58:36.026216Z,2026-06-19T11:58:36.026216Z
TRG02,2027,04,1448-11-03,1807393560,1807394160,1807398300,1807399800,1807420380,1807431540,1807442340,1807446540,2026-06-19T11:58:36.026216Z,2026-06-19T11:58:36.026216Z
TRG02,2027,04,1448-11-04,1807479900,1807480500,1807484640,1807486140,1807506780,1807517940,1807528680,1807532880,2026-06-19T11:58:36.026216Z,2026-06-19T11:58:36.026216Z
TRG02,2027,04,1448-11-05,1807566300,1807566900,1807571040,1807572540,1807593180,1807604400,1807615080,1807619280,2026-06-19T11:58:36.026216Z,2026-06-19T11:58:36.026216Z
TRG02,2027,04,1448-11-06,1807652640,1807653240,1807657380,1807658880,1807679520,1807690800,1807701480,1807705680,2026-06-19T11:58:36.026216Z,2026-06-19T11:58:36.026216Z
TRG02,2027,04,1448-11-07,1807739040,1807739640,1807743780,1807745280,1807765920,1807777200,1807787880,1807792080,2026-06-19T11:58:36.026216Z,2026-06-19T11:58:36.026216Z
TRG02,2027,04,1448-11-08,1807825380,1807825980,1807830180,1807831680,1807852320,1807863660,1807874280,1807878480,2026-06-19T11:58:36.026216Z,2026-06-19T11:58:36.026216Z
TRG02,2027,04,1448-11-09,1807911780,1807912380,1807916520,1807918020,1807938720,1807950060,1807960680,1807964880,2026-06-19T11:58:36.026216Z,2026-06-19T11:58:36.026216Z
TRG02,2027,04,1448-11-10,1807998120,1807998720,1808002920,1808004420,1808025060,1808036460,1808047080,1808051280,2026-06-19T11:58:36.026216Z,2026-06-19T11:58:36.026216Z
TRG02,2027,04,1448-11-11,1808084520,1808085120,1808089260,1808090760,1808111460,1808122920,1808133480,1808137680,2026-06-19T11:58:36.026216Z,2026-06-19T11:58:36.026216Z
TRG02,2027,04,1448-11-12,1808170860,1808171460,1808175660,1808177160,1808197860,1808209320,1808219880,1808224080,2026-06-19T11:58:36.026216Z,2026-06-19T11:58:36.026216Z
TRG02,2027,04,1448-11-13,1808257260,1808257860,1808262060,1808263560,1808284260,1808295780,1808306280,1808310480,2026-06-19T11:58:36.026216Z,2026-06-19T11:58:36.026216Z
TRG02,2027,04,1448-11-14,1808343660,1808344260,1808348400,1808349900,1808370660,1808382180,1808392680,1808396940,2026-06-19T11:58:36.026216Z,2026-06-19T11:58:36.026216Z
TRG02,2027,04,1448-11-15,1808430000,1808430600,1808434800,1808436300,1808457000,1808468580,1808479080,1808483340,2026-06-19T11:58:36.026216Z,2026-06-19T11:58:36.026216Z
TRG02,2027,04,1448-11-16,1808516400,1808517000,1808521200,1808522700,1808543400,1808555040,1808565420,1808569740,2026-06-19T11:58:36.026216Z,2026-06-19T11:58:36.026216Z
TRG02,2027,04,1448-11-17,1808602740,1808603340,1808607540,1808609040,1808629800,1808641440,1808651820,1808656140,2026-06-19T11:58:36.026216Z,2026-06-19T11:58:36.026216Z
TRG02,2027,04,1448-11-18,1808689140,1808689740,1808693940,1808695440,1808716200,1808727840,1808738220,1808742540,2026-06-19T11:58:36.026216Z,2026-06-19T11:58:36.026216Z
TRG02,2027,04,1448-11-19,1808775480,1808776080,1808780340,1808781840,1808802600,1808814240,1808824620,1808828940,2026-06-19T11:58:36.026216Z,2026-06-19T11:58:36.026216Z
TRG02,2027,04,1448-11-20,1808861880,1808862480,1808866740,1808868240,1808888940,1808900700,1808911020,1808915340,2026-06-19T11:58:36.026216Z,2026-06-19T11:58:36.026216Z
TRG02,2027,04,1448-11-21,1808948280,1808948880,1808953080,1808954580,1808975340,1808987100,1808997420,1809001740,2026-06-19T11:58:36.026216Z,2026-06-19T11:58:36.026216Z
TRG02,2027,04,1448-11-22,1809034620,1809035220,1809039480,1809040980,1809061740,1809073500,1809083820,1809088140,2026-06-19T11:58:36.026216Z,2026-06-19T11:58:36.026216Z
TRG02,2027,05,1448-11-23,1809121020,1809121620,1809125880,1809127380,1809148140,1809159960,1809170220,1809174540,2026-06-19T11:58:36.026216Z,2026-06-19T11:58:36.026216Z
TRG02,2027,05,1448-11-24,1809207420,1809208020,1809212220,1809213720,1809234540,1809246360,1809256620,1809260940,2026-06-19T11:58:36.026216Z,2026-06-19T11:58:36.026216Z
TRG02,2027,05,1448-11-25,1809293760,1809294360,1809298620,1809300120,1809320940,1809332760,1809343020,1809347340,2026-06-19T11:58:36.026216Z,2026-06-19T11:58:36.026216Z
TRG02,2027,05,1448-11-26,1809380160,1809380760,1809385020,1809386520,1809407340,1809419220,1809429420,1809433800,2026-06-19T11:58:36.026216Z,2026-06-19T11:58:36.026216Z
TRG02,2027,05,1448-11-27,1809466560,1809467160,1809471420,1809472920,1809493740,1809505620,1809515820,1809520200,2026-06-19T11:58:36.026216Z,2026-06-19T11:58:36.026216Z
TRG02,2027,05,1448-11-28,1809552900,1809553500,1809557820,1809559320,1809580140,1809592020,1809602220,1809606600,2026-06-19T11:58:36.026216Z,2026-06-19T11:58:36.026216Z
TRG02,2027,05,1448-11-29,1809639300,1809639900,1809644160,1809645660,1809666540,1809678420,1809688680,1809693000,2026-06-19T11:58:36.026216Z,2026-06-19T11:58:36.026216Z
TRG02,2027,05,1448-12-01,1809725700,1809726300,1809730560,1809732060,1809752880,1809764880,1809775080,1809779400,2026-06-19T11:58:36.026216Z,2026-06-19T11:58:36.026216Z
TRG02,2027,05,1448-12-02,1809812040,1809812640,1809816960,1809818460,1809839280,1809851280,1809861480,1809865800,2026-06-19T11:58:36.026216Z,2026-06-19T11:58:36.026216Z
TRG02,2027,05,1448-12-03,1809898440,1809899040,1809903360,1809904860,1809925680,1809937680,1809947880,1809952260,2026-06-19T11:58:36.026216Z,2026-06-19T11:58:36.026216Z
TRG02,2027,05,1448-12-04,1809984840,1809985440,1809989760,1809991260,1810012080,1810024140,1810034280,1810038660,2026-06-19T11:58:36.026216Z,2026-06-19T11:58:36.026216Z
TRG02,2027,05,1448-12-05,1810071240,1810071840,1810076160,1810077660,1810098480,1810110540,1810120680,1810125060,2026-06-19T11:58:36.026216Z,2026-06-19T11:58:36.026216Z
TRG02,2027,05,1448-12-06,1810157580,1810158180,1810162560,1810164060,1810184880,1810196940,1810207080,1810211460,2026-06-19T11:58:36.026216Z,2026-06-19T11:58:36.026216Z
TRG02,2027,05,1448-12-07,1810243980,1810244580,1810248900,1810250400,1810271280,1810283340,1810293480,1810297920,2026-06-19T11:58:36.026216Z,2026-06-19T11:58:36.026216Z
TRG02,2027,05,1448-12-08,1810330380,1810330980,1810335300,1810336800,1810357680,1810369800,1810379880,1810384320,2026-06-19T11:58:36.026216Z,2026-06-19T11:58:36.026216Z
TRG02,2027,05,1448-12-09,1810416780,1810417380,1810421700,1810423200,1810444080,1810456200,1810466280,1810470720,2026-06-19T11:58:36.026216Z,2026-06-19T11:58:36.026216Z
TRG02,2027,05,1448-12-10,1810503120,1810503720,1810508100,1810509600,1810530480,1810542600,1810552680,1810557120,2026-06-19T11:58:36.026216Z,2026-06-19T11:58:36.026216Z
TRG02,2027,05,1448-12-11,1810589520,1810590120,1810594500,1810596000,1810616880,1810629060,1810639140,1810643520,2026-06-19T11:58:36.026216Z,2026-06-19T11:58:36.026216Z
TRG02,2027,05,1448-12-12,1810675920,1810676520,1810680900,1810682400,1810703280,1810715460,1810725540,1810729980,2026-06-19T11:58:36.026216Z,2026-06-19T11:58:36.026216Z
TRG02,2027,05,1448-12-13,1810762320,1810762920,1810767300,1810768800,1810789680,1810801860,1810811940,1810816380,2026-06-19T11:58:36.026216Z,2026-06-19T11:58:36.026216Z
TRG02,2027,05,1448-12-14,1810848720,1810849320,1810853700,1810855200,1810876080,1810888260,1810898340,1810902780,2026-06-19T11:58:36.026216Z,2026-06-19T11:58:36.026216Z
TRG02,2027,05,1448-12-15,1810935120,1810935720,1810940100,1810941600,1810962540,1810974720,1810984740,1810989180,2026-06-19T11:58:36.026216Z,2026-06-19T11:58:36.026216Z
TRG02,2027,05,1448-12-16,1811021460,1811022060,1811026500,1811028000,1811048940,1811061120,1811071140,1811075640,2026-06-19T11:58:36.026216Z,2026-06-19T11:58:36.026216Z
TRG02,2027,05,1448-12-17,1811107860,1811108460,1811112900,1811114400,1811135340,1811147520,1811157540,1811162040,2026-06-19T11:58:36.026216Z,2026-06-19T11:58:36.026216Z
TRG02,2027,05,1448-12-18,1811194260,1811194860,1811199300,1811200800,1811221740,1811233980,1811244000,1811248440,2026-06-19T11:58:36.026216Z,2026-06-19T11:58:36.026216Z
TRG02,2027,05,1448-12-19,1811280660,1811281260,1811285700,1811287200,1811308140,1811320380,1811330400,1811334900,2026-06-19T11:58:36.026216Z,2026-06-19T11:58:36.026216Z
TRG02,2027,05,1448-12-20,1811367060,1811367660,1811372100,1811373600,1811394540,1811406780,1811416800,1811421300,2026-06-19T11:58:36.026216Z,2026-06-19T11:58:36.026216Z
TRG02,2027,05,1448-12-21,1811453460,1811454060,1811458500,1811460000,1811480940,1811493180,1811503200,1811507700,2026-06-19T11:58:36.026216Z,2026-06-19T11:58:36.026216Z
TRG02,2027,05,1448-12-22,1811539860,1811540460,1811544900,1811546400,1811567340,1811579640,1811589600,1811594100,2026-06-19T11:58:36.026216Z,2026-06-19T11:58:36.026216Z
TRG02,2027,05,1448-12-23,1811626260,1811626860,1811631300,1811632800,1811653740,1811666040,1811676060,1811680560,2026-06-19T11:58:36.026216Z,2026-06-19T11:58:36.026216Z
TRG02,2027,05,1448-12-24,1811712660,1811713260,1811717700,1811719200,1811740200,1811752440,1811762460,1811766960,2026-06-19T11:58:36.026216Z,2026-06-19T11:58:36.026216Z
TRG02,2027,06,1448-12-25,1811799060,1811799660,1811804100,1811805600,1811826600,1811838900,1811848860,1811853360,2026-06-19T11:58:36.026216Z,2026-06-19T11:58:36.026216Z
TRG02,2027,06,1448-12-26,1811885460,1811886060,1811890500,1811892000,1811913000,1811925300,1811935260,1811939820,2026-06-19T11:58:36.026216Z,2026-06-19T11:58:36.026216Z
TRG02,2027,06,1448-12-27,1811971860,1811972460,1811976900,1811978400,1811999400,1812011700,1812021660,1812026220,2026-06-19T11:58:36.026216Z,2026-06-19T11:58:36.026216Z
TRG02,2027,06,1448-12-28,1812058260,1812058860,1812063360,1812064860,1812085800,1812098100,1812108120,1812112620,2026-06-19T11:58:36.026216Z,2026-06-19T11:58:36.026216Z
TRG02,2027,06,1448-12-29,1812144660,1812145260,1812149760,1812151260,1812172200,1812184560,1812194520,1812199020,2026-06-19T11:58:36.026216Z,2026-06-19T11:58:36.026216Z
TRG02,2027,06,1449-01-01,1812231060,1812231660,1812236160,1812237660,1812258660,1812270960,1812280920,1812285480,2026-06-19T11:58:36.026216Z,2026-06-19T11:58:36.026216Z
TRG02,2027,06,1449-01-02,1812317460,1812318060,1812322560,1812324060,1812345060,1812357360,1812367320,1812371880,2026-06-19T11:58:36.026216Z,2026-06-19T11:58:36.026216Z
TRG02,2027,06,1449-01-03,1812403860,1812404460,1812408960,1812410460,1812431460,1812443820,1812453780,1812458280,2026-06-19T11:58:36.026216Z,2026-06-19T11:58:36.026216Z
TRG02,2027,06,1449-01-04,1812490260,1812490860,1812495360,1812496860,1812517860,1812530220,1812540180,1812544740,2026-06-19T11:58:36.026216Z,2026-06-19T11:58:36.026216Z
TRG02,2027,06,1449-01-05,1812576720,1812577320,1812581760,1812583260,1812604260,1812616620,1812626580,1812631140,2026-06-19T11:58:36.026216Z,2026-06-19T11:58:36.026216Z
TRG02,2027,06,1449-01-06,1812663120,1812663720,1812668220,1812669720,1812690660,1812703020,1812712980,1812717540,2026-06-19T11:58:36.026216Z,2026-06-19T11:58:36.026216Z
TRG02,2027,06,1449-01-07,1812749520,1812750120,1812754620,1812756120,1812777120,1812789480,1812799440,1812804000,2026-06-19T11:58:36.026216Z,2026-06-19T11:58:36.026216Z
TRG02,2027,06,1449-01-08,1812835920,1812836520,1812841020,1812842520,1812863520,1812875880,1812885840,1812890400,2026-06-19T11:58:36.026216Z,2026-06-19T11:58:36.026216Z
TRG02,2027,06,1449-01-09,1812922320,1812922920,1812927420,1812928920,1812949920,1812962280,1812972240,1812976800,2026-06-19T11:58:36.026216Z,2026-06-19T11:58:36.026216Z
TRG02,2027,06,1449-01-10,1813008720,1813009320,1813013820,1813015320,1813036320,1813048680,1813058640,1813063200,2026-06-19T11:58:36.026216Z,2026-06-19T11:58:36.026216Z
TRG02,2027,06,1449-01-11,1813095120,1813095720,1813100220,1813101720,1813122780,1813135140,1813145100,1813149660,2026-06-19T11:58:36.026216Z,2026-06-19T11:58:36.026216Z
TRG02,2027,06,1449-01-12,1813181580,1813182180,1813186680,1813188180,1813209180,1813221540,1813231500,1813236060,2026-06-19T11:58:36.026216Z,2026-06-19T11:58:36.026216Z
TRG02,2027,06,1449-01-13,1813267980,1813268580,1813273080,1813274580,1813295580,1813307940,1813317900,1813322460,2026-06-19T11:58:36.026216Z,2026-06-19T11:58:36.026216Z
TRG02,2027,06,1449-01-14,1813354380,1813354980,1813359480,1813360980,1813381980,1813394340,1813404300,1813408860,2026-06-19T11:58:36.026216Z,2026-06-19T11:58:36.026216Z
TRG02,2027,06,1449-01-15,1813440780,1813441380,1813445880,1813447380,1813468380,1813480800,1813490700,1813495320,2026-06-19T11:58:36.026216Z,2026-06-19T11:58:36.026216Z
TRG02,2027,06,1449-01-16,1813527180,1813527780,1813532280,1813533780,1813554840,1813567200,1813577160,1813581720,2026-06-19T11:58:36.026216Z,2026-06-19T11:58:36.026216Z
TRG02,2027,06,1449-01-17,1813613640,1813614240,1813618740,1813620240,1813641240,1813653600,1813663560,1813668120,2026-06-19T11:58:36.026216Z,2026-06-19T11:58:36.026216Z
TRG02,2027,06,1449-01-18,1813700040,1813700640,1813705140,1813706640,1813727640,1813740000,1813749960,1813754520,2026-06-19T11:58:36.026216Z,2026-06-19T11:58:36.026216Z
TRG02,2027,06,1449-01-19,1813786440,1813787040,1813791540,1813793040,1813814040,1813826400,1813836360,1813840920,2026-06-19T11:58:36.026216Z,2026-06-19T11:58:36.026216Z
TRG02,2027,06,1449-01-20,1813872840,1813873440,1813877940,1813879440,1813900440,1813912860,1813922760,1813927380,2026-06-19T11:58:36.026216Z,2026-06-19T11:58:36.026216Z
TRG02,2027,06,1449-01-21,1813959300,1813959900,1813964400,1813965900,1813986900,1813999260,1814009220,1814013780,2026-06-19T11:58:36.026216Z,2026-06-19T11:58:36.026216Z
TRG02,2027,06,1449-01-22,1814045700,1814046300,1814050800,1814052300,1814073300,1814085660,1814095620,1814100180,2026-06-19T11:58:36.026216Z,2026-06-19T11:58:36.026216Z
TRG02,2027,06,1449-01-23,1814132100,1814132700,1814137200,1814138700,1814159700,1814172060,1814182020,1814186580,2026-06-19T11:58:36.026216Z,2026-06-19T11:58:36.026216Z
TRG02,2027,06,1449-01-24,1814218500,1814219100,1814223600,1814225100,1814246100,1814258460,1814268420,1814272980,2026-06-19T11:58:36.026216Z,2026-06-19T11:58:36.026216Z
TRG02,2027,06,1449-01-25,1814304960,1814305560,1814310000,1814311500,1814332560,1814344860,1814354820,1814359380,2026-06-19T11:58:36.026216Z,2026-06-19T11:58:36.026216Z
TRG02,2027,07,1449-01-26,1814391360,1814391960,1814396460,1814397960,1814418960,1814431320,1814441280,1814445780,2026-06-19T11:58:36.026216Z,2026-06-19T11:58:36.026216Z
TRG02,2027,07,1449-01-27,1814477760,1814478360,1814482860,1814484360,1814505360,1814517720,1814527680,1814532240,2026-06-19T11:58:36.026216Z,2026-06-19T11:58:36.026216Z
TRG02,2027,07,1449-01-28,1814564160,1814564760,1814569260,1814570760,1814591760,1814604120,1814614080,1814618640,2026-06-19T11:58:36.026216Z,2026-06-19T11:58:36.026216Z
TRG02,2027,07,1449-01-29,1814650620,1814651220,1814655660,1814657160,1814678160,1814690520,1814700480,1814705040,2026-06-19T11:58:36.026216Z,2026-06-19T11:58:36.026216Z
TRG02,2027,07,1449-01-30,1814737020,1814737620,1814742120,1814743620,1814764560,1814776920,1814786880,1814791440,2026-06-19T11:58:36.026216Z,2026-06-19T11:58:36.026216Z
TRG02,2027,07,1449-02-01,1814823420,1814824020,1814828520,1814830020,1814851020,1814863320,1814873280,1814877840,2026-06-19T11:58:36.026216Z,2026-06-19T11:58:36.026216Z
TRG02,2027,07,1449-02-02,1814909820,1814910420,1814914920,1814916420,1814937420,1814949720,1814959680,1814964240,2026-06-19T11:58:36.026216Z,2026-06-19T11:58:36.026216Z
TRG02,2027,07,1449-02-03,1814996280,1814996880,1815001320,1815002820,1815023820,1815036120,1815046140,1815050640,2026-06-19T11:58:36.026216Z,2026-06-19T11:58:36.026216Z
TRG02,2027,07,1449-02-04,1815082680,1815083280,1815087720,1815089220,1815110220,1815122520,1815132540,1815137040,2026-06-19T11:58:36.026216Z,2026-06-19T11:58:36.026216Z
TRG02,2027,07,1449-02-05,1815169080,1815169680,1815174180,1815175680,1815196620,1815208920,1815218940,1815223440,2026-06-19T11:58:36.026216Z,2026-06-19T11:58:36.026216Z
TRG02,2027,07,1449-02-06,1815255540,1815256140,1815260580,1815262080,1815283020,1815295320,1815305340,1815309840,2026-06-19T11:58:36.026216Z,2026-06-19T11:58:36.026216Z
TRG02,2027,07,1449-02-07,1815341940,1815342540,1815346980,1815348480,1815369480,1815381720,1815391740,1815396240,2026-06-19T11:58:36.026216Z,2026-06-19T11:58:36.026216Z
TRG02,2027,07,1449-02-08,1815428340,1815428940,1815433380,1815434880,1815455880,1815468120,1815478140,1815482640,2026-06-19T11:58:36.026216Z,2026-06-19T11:58:36.026216Z
TRG02,2027,07,1449-02-09,1815514740,1815515340,1815519780,1815521280,1815542280,1815554520,1815564540,1815569040,2026-06-19T11:58:36.026216Z,2026-06-19T11:58:36.026216Z
TRG02,2027,07,1449-02-10,1815601200,1815601800,1815606240,1815607740,1815628680,1815640920,1815650940,1815655440,2026-06-19T11:58:36.026216Z,2026-06-19T11:58:36.026216Z
TRG02,2027,07,1449-02-11,1815687600,1815688200,1815692640,1815694140,1815715080,1815727320,1815737340,1815741840,2026-06-19T11:58:36.026216Z,2026-06-19T11:58:36.026216Z
TRG02,2027,07,1449-02-12,1815774000,1815774600,1815779040,1815780540,1815801480,1815813720,1815823740,1815828240,2026-06-19T11:58:36.026216Z,2026-06-19T11:58:36.026216Z
TRG02,2027,07,1449-02-13,1815860400,1815861000,1815865440,1815866940,1815887880,1815900120,1815910140,1815914640,2026-06-19T11:58:36.026216Z,2026-06-19T11:58:36.026216Z
TRG02,2027,07,1449-02-14,1815946860,1815947460,1815951840,1815953340,1815974280,1815986520,1815996540,1816001040,2026-06-19T11:58:36.026216Z,2026-06-19T11:58:36.026216Z
TRG02,2027,07,1449-02-15,1816033260,1816033860,1816038240,1816039740,1816060680,1816072920,1816082940,1816087380,2026-06-19T11:58:36.026216Z,2026-06-19T11:58:36.026216Z
TRG02,2027,07,1449-02-16,1816119660,1816120260,1816124700,1816126200,1816147080,1816159320,1816169340,1816173780,2026-06-19T11:58:36.026216Z,2026-06-19T11:58:36.026216Z
TRG02,2027,07,1449-02-17,1816206060,1816206660,1816211100,1816212600,1816233480,1816245660,1816255740,1816260180,2026-06-19T11:58:36.026216Z,2026-06-19T11:58:36.026216Z
TRG02,2027,07,1449-02-18,1816292520,1816293120,1816297500,1816299000,1816319880,1816332060,1816342140,1816346580,2026-06-19T11:58:36.026216Z,2026-06-19T11:58:36.026216Z
TRG02,2027,07,1449-02-19,1816378920,1816379520,1816383900,1816385400,1816406280,1816418460,1816428540,1816432980,2026-06-19T11:58:36.026216Z,2026-06-19T11:58:36.026216Z
TRG02,2027,07,1449-02-20,1816465320,1816465920,1816470300,1816471800,1816492680,1816504860,1816514940,1816519380,2026-06-19T11:58:36.026216Z,2026-06-19T11:58:36.026216Z
TRG02,2027,07,1449-02-21,1816551720,1816552320,1816556700,1816558200,1816579080,1816591260,1816601340,1816605720,2026-06-19T11:58:36.026216Z,2026-06-19T11:58:36.026216Z
TRG02,2027,07,1449-02-22,1816638120,1816638720,1816643100,1816644600,1816665480,1816677600,1816687740,1816692120,2026-06-19T11:58:36.026216Z,2026-06-19T11:58:36.026216Z
TRG02,2027,07,1449-02-23,1816724580,1816725180,1816729500,1816731000,1816751880,1816764000,1816774080,1816778520,2026-06-19T11:58:36.026216Z,2026-06-19T11:58:36.026216Z
TRG02,2027,07,1449-02-24,1816810980,1816811580,1816815900,1816817400,1816838280,1816850400,1816860480,1816864920,2026-06-19T11:58:36.026216Z,2026-06-19T11:58:36.026216Z
TRG02,2027,07,1449-02-25,1816897380,1816897980,1816902300,1816903800,1816924680,1816936740,1816946880,1816951260,2026-06-19T11:58:36.026216Z,2026-06-19T11:58:36.026216Z
TRG02,2027,07,1449-02-26,1816983780,1816984380,1816988760,1816990260,1817011080,1817023140,1817033280,1817037660,2026-06-19T11:58:36.026216Z,2026-06-19T11:58:36.026216Z
TRG02,2027,08,1449-02-27,1817070180,1817070780,1817075160,1817076660,1817097480,1817109540,1817119680,1817124060,2026-06-19T11:58:36.026216Z,2026-06-19T11:58:36.026216Z
TRG02,2027,08,1449-02-28,1817156640,1817157240,1817161560,1817163060,1817183880,1817195880,1817206080,1817210460,2026-06-19T11:58:36.026216Z,2026-06-19T11:58:36.026216Z
TRG02,2027,08,1449-02-29,1817243040,1817243640,1817247960,1817249460,1817270280,1817282280,1817292420,1817296800,2026-06-19T11:58:36.026216Z,2026-06-19T11:58:36.026216Z
TRG02,2027,08,1449-03-01,1817329440,1817330040,1817334360,1817335860,1817356680,1817368680,1817378820,1817383200,2026-06-19T11:58:36.026216Z,2026-06-19T11:58:36.026216Z
TRG02,2027,08,1449-03-02,1817415840,1817416440,1817420760,1817422260,1817443080,1817455020,1817465220,1817469600,2026-06-19T11:58:36.026216Z,2026-06-19T11:58:36.026216Z
TRG02,2027,08,1449-03-03,1817502240,1817502840,1817507160,1817508660,1817529480,1817541420,1817551620,1817555940,2026-06-19T11:58:36.026216Z,2026-06-19T11:58:36.026216Z
TRG02,2027,08,1449-03-04,1817588640,1817589240,1817593560,1817595060,1817615880,1817627760,1817638020,1817642340,2026-06-19T11:58:36.026216Z,2026-06-19T11:58:36.026216Z
TRG02,2027,08,1449-03-05,1817675040,1817675640,1817679960,1817681460,1817702280,1817714160,1817724360,1817728740,2026-06-19T11:58:36.026216Z,2026-06-19T11:58:36.026216Z
TRG02,2027,08,1449-03-06,1817761440,1817762040,1817766360,1817767860,1817788680,1817800500,1817810760,1817815080,2026-06-19T11:58:36.026216Z,2026-06-19T11:58:36.026216Z
TRG02,2027,08,1449-03-07,1817847900,1817848500,1817852760,1817854260,1817875020,1817886900,1817897160,1817901480,2026-06-19T11:58:36.026216Z,2026-06-19T11:58:36.026216Z
TRG02,2027,08,1449-03-08,1817934300,1817934900,1817939160,1817940660,1817961420,1817973240,1817983560,1817987880,2026-06-19T11:58:36.026216Z,2026-06-19T11:58:36.026216Z
TRG02,2027,08,1449-03-09,1818020700,1818021300,1818025560,1818027060,1818047820,1818059640,1818069900,1818074220,2026-06-19T11:58:36.026216Z,2026-06-19T11:58:36.026216Z
TRG02,2027,08,1449-03-10,1818107100,1818107700,1818111960,1818113460,1818134220,1818145980,1818156300,1818160620,2026-06-19T11:58:36.026216Z,2026-06-19T11:58:36.026216Z
TRG02,2027,08,1449-03-11,1818193500,1818194100,1818198360,1818199860,1818220620,1818232320,1818242700,1818246960,2026-06-19T11:58:36.026216Z,2026-06-19T11:58:36.026216Z
TRG02,2027,08,1449-03-12,1818279900,1818280500,1818284700,1818286200,1818307020,1818318720,1818329040,1818333360,2026-06-19T11:58:36.026216Z,2026-06-19T11:58:36.026216Z
TRG02,2027,08,1449-03-13,1818366300,1818366900,1818371100,1818372600,1818393360,1818405060,1818415440,1818419700,2026-06-19T11:58:36.026216Z,2026-06-19T11:58:36.026216Z
TRG02,2027,08,1449-03-14,1818452700,1818453300,1818457500,1818459000,1818479760,1818491400,1818501840,1818506100,2026-06-19T11:58:36.026216Z,2026-06-19T11:58:36.026216Z
TRG02,2027,08,1449-03-15,1818539100,1818539700,1818543900,1818545400,1818566160,1818577800,1818588180,1818592440,2026-06-19T11:58:36.026216Z,2026-06-19T11:58:36.026216Z
TRG02,2027,08,1449-03-16,1818625500,1818626100,1818630300,1818631800,1818652560,1818664140,1818674580,1818678840,2026-06-19T11:58:36.026216Z,2026-06-19T11:58:36.026216Z
TRG02,2027,08,1449-03-17,1818711900,1818712500,1818716700,1818718200,1818738900,1818750480,1818760980,1818765240,2026-06-19T11:58:36.026216Z,2026-06-19T11:58:36.026216Z
TRG02,2027,08,1449-03-18,1818798300,1818798900,1818803100,1818804600,1818825300,1818836880,1818847320,1818851580,2026-06-19T11:58:36.026216Z,2026-06-19T11:58:36.026216Z
TRG02,2027,08,1449-03-19,1818884700,1818885300,1818889500,1818891000,1818911700,1818923220,1818933720,1818937980,2026-06-19T11:58:36.026216Z,2026-06-19T11:58:36.026216Z
TRG02,2027,08,1449-03-20,1818971100,1818971700,1818975900,1818977400,1818998100,1819009560,1819020060,1819024320,2026-06-19T11:58:36.026216Z,2026-06-19T11:58:36.026216Z
TRG02,2027,08,1449-03-21,1819057500,1819058100,1819062300,1819063800,1819084440,1819095900,1819106460,1819110720,2026-06-19T11:58:36.026216Z,2026-06-19T11:58:36.026216Z
TRG02,2027,08,1449-03-22,1819143900,1819144500,1819148640,1819150140,1819170840,1819182240,1819192860,1819197060,2026-06-19T11:58:36.026216Z,2026-06-19T11:58:36.026216Z
TRG02,2027,08,1449-03-23,1819230300,1819230900,1819235040,1819236540,1819257240,1819268580,1819279200,1819283460,2026-06-19T11:58:36.026216Z,2026-06-19T11:58:36.026216Z
TRG02,2027,08,1449-03-24,1819316700,1819317300,1819321440,1819322940,1819343640,1819354920,1819365600,1819369800,2026-06-19T11:58:36.026216Z,2026-06-19T11:58:36.026216Z
TRG02,2027,08,1449-03-25,1819403100,1819403700,1819407840,1819409340,1819429980,1819441320,1819451940,1819456200,2026-06-19T11:58:36.026216Z,2026-06-19T11:58:36.026216Z
TRG02,2027,08,1449-03-26,1819489500,1819490100,1819494240,1819495740,1819516380,1819527660,1819538340,1819542540,2026-06-19T11:58:36.026216Z,2026-06-19T11:58:36.026216Z
TRG02,2027,08,1449-03-27,1819575900,1819576500,1819580640,1819582140,1819602780,1819614000,1819624680,1819628940,2026-06-19T11:58:36.026216Z,2026-06-19T11:58:36.026216Z
TRG02,2027,08,1449-03-28,1819662300,1819662900,1819667040,1819668540,1819689120,1819700340,1819711080,1819715280,2026-06-19T11:58:36.026216Z,2026-06-19T11:58:36.026216Z
TRG02,2027,09,1449-03-29,1819748640,1819749240,1819753380,1819754880,1819775520,1819786680,1819797480,1819801620,2026-06-19T11:58:36.026216Z,2026-06-19T11:58:36.026216Z
TRG02,2027,09,1449-04-01,1819835040,1819835640,1819839780,1819841280,1819861920,1819873020,1819883820,1819888020,2026-06-19T11:58:36.026216Z,2026-06-19T11:58:36.026216Z
TRG02,2027,09,1449-04-02,1819921440,1819922040,1819926180,1819927680,1819948260,1819959360,1819970220,1819974360,2026-06-19T11:58:36.026216Z,2026-06-19T11:58:36.026216Z
TRG02,2027,09,1449-04-03,1820007840,1820008440,1820012580,1820014080,1820034660,1820045700,1820056560,1820060760,2026-06-19T11:58:36.026216Z,2026-06-19T11:58:36.026216Z
TRG02,2027,09,1449-04-04,1820094240,1820094840,1820098980,1820100480,1820121060,1820132040,1820142960,1820147100,2026-06-19T11:58:36.026216Z,2026-06-19T11:58:36.026216Z
TRG02,2027,09,1449-04-05,1820180640,1820181240,1820185320,1820186820,1820207400,1820218320,1820229300,1820233500,2026-06-19T11:58:36.026216Z,2026-06-19T11:58:36.026216Z
TRG02,2027,09,1449-04-06,1820267040,1820267640,1820271720,1820273220,1820293800,1820304660,1820315700,1820319840,2026-06-19T11:58:36.026216Z,2026-06-19T11:58:36.026216Z
TRG02,2027,09,1449-04-07,1820353440,1820354040,1820358120,1820359620,1820380200,1820391000,1820402040,1820406240,2026-06-19T11:58:36.026216Z,2026-06-19T11:58:36.026216Z
TRG02,2027,09,1449-04-08,1820439780,1820440380,1820444520,1820446020,1820466540,1820477340,1820488440,1820492580,2026-06-19T11:58:36.026216Z,2026-06-19T11:58:36.026216Z
TRG02,2027,09,1449-04-09,1820526180,1820526780,1820530920,1820532420,1820552940,1820563800,1820574780,1820578980,2026-06-19T11:58:36.026216Z,2026-06-19T11:58:36.026216Z
TRG02,2027,09,1449-04-10,1820612580,1820613180,1820617260,1820618760,1820639340,1820650200,1820661180,1820665320,2026-06-19T11:58:36.026216Z,2026-06-19T11:58:36.026216Z
TRG02,2027,09,1449-04-11,1820698980,1820699580,1820703660,1820705160,1820725680,1820736600,1820747520,1820751660,2026-06-19T11:58:36.026216Z,2026-06-19T11:58:36.026216Z
TRG02,2027,09,1449-04-12,1820785380,1820785980,1820790060,1820791560,1820812080,1820823060,1820833920,1820838060,2026-06-19T11:58:36.026216Z,2026-06-19T11:58:36.026216Z
TRG02,2027,09,1449-04-13,1820871780,1820872380,1820876460,1820877960,1820898480,1820909460,1820920260,1820924400,2026-06-19T11:58:36.026216Z,2026-06-19T11:58:36.026216Z
TRG02,2027,09,1449-04-14,1820958120,1820958720,1820962860,1820964360,1820984820,1820995860,1821006660,1821010800,2026-06-19T11:58:36.026216Z,2026-06-19T11:58:36.026216Z
TRG02,2027,09,1449-04-15,1821044520,1821045120,1821049200,1821050700,1821071220,1821082260,1821093000,1821097140,2026-06-19T11:58:36.026216Z,2026-06-19T11:58:36.026216Z
TRG02,2027,09,1449-04-16,1821130920,1821131520,1821135600,1821137100,1821157620,1821168720,1821179400,1821183540,2026-06-19T11:58:36.026216Z,2026-06-19T11:58:36.026216Z
TRG02,2027,09,1449-04-17,1821217320,1821217920,1821222000,1821223500,1821243960,1821255120,1821265740,1821269880,2026-06-19T11:58:36.026216Z,2026-06-19T11:58:36.026216Z
TRG02,2027,09,1449-04-18,1821303720,1821304320,1821308400,1821309900,1821330360,1821341520,1821352140,1821356280,2026-06-19T11:58:36.026216Z,2026-06-19T11:58:36.026216Z
TRG02,2027,09,1449-04-19,1821390120,1821390720,1821394800,1821396300,1821416760,1821427920,1821438480,1821442620,2026-06-19T11:58:36.026216Z,2026-06-19T11:58:36.026216Z
TRG02,2027,09,1449-04-20,1821476460,1821477060,1821481140,1821482640,1821503100,1821514320,1821524880,1821529020,2026-06-19T11:58:36.026216Z,2026-06-19T11:58:36.026216Z
TRG02,2027,09,1449-04-21,1821562860,1821563460,1821567540,1821569040,1821589500,1821600780,1821611220,1821615360,2026-06-19T11:58:36.026216Z,2026-06-19T11:58:36.026216Z
TRG02,2027,09,1449-04-22,1821649260,1821649860,1821653940,1821655440,1821675840,1821687180,1821697620,1821701760,2026-06-19T11:58:36.026216Z,2026-06-19T11:58:36.026216Z
TRG02,2027,09,1449-04-23,1821735660,1821736260,1821740340,1821741840,1821762240,1821773580,1821783960,1821788100,2026-06-19T11:58:36.026216Z,2026-06-19T11:58:36.026216Z
TRG02,2027,09,1449-04-24,1821822060,1821822660,1821826740,1821828240,1821848640,1821859980,1821870360,1821874500,2026-06-19T11:58:36.026216Z,2026-06-19T11:58:36.026216Z
TRG02,2027,09,1449-04-25,1821908400,1821909000,1821913080,1821914580,1821934980,1821946380,1821956700,1821960840,2026-06-19T11:58:36.026216Z,2026-06-19T11:58:36.026216Z
TRG02,2027,09,1449-04-26,1821994800,1821995400,1821999480,1822000980,1822021380,1822032780,1822043100,1822047240,2026-06-19T11:58:36.026216Z,2026-06-19T11:58:36.026216Z
TRG02,2027,09,1449-04-27,1822081200,1822081800,1822085880,1822087380,1822107780,1822119240,1822129440,1822133580,2026-06-19T11:58:36.026216Z,2026-06-19T11:58:36.026216Z
TRG02,2027,09,1449-04-28,1822167600,1822168200,1822172280,1822173780,1822194120,1822205640,1822215840,1822219980,2026-06-19T11:58:36.026216Z,2026-06-19T11:58:36.026216Z
TRG02,2027,09,1449-04-29,1822254000,1822254600,1822258680,1822260180,1822280520,1822292040,1822302180,1822306320,2026-06-19T11:58:36.026216Z,2026-06-19T11:58:36.026216Z
TRG02,2027,10,1449-04-30,1822340340,1822340940,1822345020,1822346520,1822366920,1822378440,1822388580,1822392720,2026-06-19T11:58:36.026216Z,2026-06-19T11:58:36.026216Z
TRG02,2027,10,1449-05-01,1822426740,1822427340,1822431420,1822432920,1822453260,1822464840,1822474920,1822479060,2026-06-19T11:58:36.026216Z,2026-06-19T11:58:36.026216Z
TRG02,2027,10,1449-05-02,1822513140,1822513740,1822517820,1822519320,1822539660,1822551240,1822561320,1822565460,2026-06-19T11:58:36.026216Z,2026-06-19T11:58:36.026216Z
TRG02,2027,10,1449-05-03,1822599540,1822600140,1822604220,1822605720,1822626060,1822637640,1822647660,1822651860,2026-06-19T11:58:36.026216Z,2026-06-19T11:58:36.026216Z
TRG02,2027,10,1449-05-04,1822685940,1822686540,1822690620,1822692120,1822712400,1822724040,1822734060,1822738200,2026-06-19T11:58:36.026216Z,2026-06-19T11:58:36.026216Z
TRG02,2027,10,1449-05-05,1822772280,1822772880,1822777020,1822778520,1822798800,1822810440,1822820460,1822824600,2026-06-19T11:58:36.026216Z,2026-06-19T11:58:36.026216Z
TRG02,2027,10,1449-05-06,1822858680,1822859280,1822863360,1822864860,1822885200,1822896840,1822906800,1822910940,2026-06-19T11:58:36.026216Z,2026-06-19T11:58:36.026216Z
TRG02,2027,10,1449-05-07,1822945080,1822945680,1822949760,1822951260,1822971600,1822983240,1822993200,1822997340,2026-06-19T11:58:36.026216Z,2026-06-19T11:58:36.026216Z
TRG02,2027,10,1449-05-08,1823031480,1823032080,1823036160,1823037660,1823057940,1823069640,1823079540,1823083740,2026-06-19T11:58:36.026216Z,2026-06-19T11:58:36.026216Z
TRG02,2027,10,1449-05-09,1823117880,1823118480,1823122560,1823124060,1823144340,1823156100,1823165940,1823170080,2026-06-19T11:58:36.026216Z,2026-06-19T11:58:36.026216Z
TRG02,2027,10,1449-05-10,1823204280,1823204880,1823208960,1823210460,1823230740,1823242500,1823252280,1823256480,2026-06-19T11:58:36.026216Z,2026-06-19T11:58:36.026216Z
TRG02,2027,10,1449-05-11,1823290620,1823291220,1823295360,1823296860,1823317140,1823328900,1823338680,1823342820,2026-06-19T11:58:36.026216Z,2026-06-19T11:58:36.026216Z
TRG02,2027,10,1449-05-12,1823377020,1823377620,1823381760,1823383260,1823403480,1823415300,1823425080,1823429220,2026-06-19T11:58:36.026216Z,2026-06-19T11:58:36.026216Z
TRG02,2027,10,1449-05-13,1823463420,1823464020,1823468160,1823469660,1823489880,1823501700,1823511420,1823515620,2026-06-19T11:58:36.026216Z,2026-06-19T11:58:36.026216Z
TRG02,2027,10,1449-05-14,1823549820,1823550420,1823554560,1823556060,1823576280,1823588100,1823597820,1823601960,2026-06-19T11:58:36.026216Z,2026-06-19T11:58:36.026216Z
TRG02,2027,10,1449-05-15,1823636220,1823636820,1823640900,1823642400,1823662680,1823674500,1823684160,1823688360,2026-06-19T11:58:36.026216Z,2026-06-19T11:58:36.026216Z
TRG02,2027,10,1449-05-16,1823722620,1823723220,1823727300,1823728800,1823749020,1823760900,1823770560,1823774760,2026-06-19T11:58:36.026216Z,2026-06-19T11:58:36.026216Z
TRG02,2027,10,1449-05-17,1823809020,1823809620,1823813700,1823815200,1823835420,1823847300,1823856960,1823861160,2026-06-19T11:58:36.026216Z,2026-06-19T11:58:36.026216Z
TRG02,2027,10,1449-05-18,1823895360,1823895960,1823900100,1823901600,1823921820,1823933700,1823943300,1823947500,2026-06-19T11:58:36.026216Z,2026-06-19T11:58:36.026216Z
TRG02,2027,10,1449-05-19,1823981760,1823982360,1823986500,1823988000,1824008220,1824020100,1824029700,1824033900,2026-06-19T11:58:36.026216Z,2026-06-19T11:58:36.026216Z
TRG02,2027,10,1449-05-20,1824068160,1824068760,1824072900,1824074400,1824094620,1824106500,1824116100,1824120300,2026-06-19T11:58:36.026216Z,2026-06-19T11:58:36.026216Z
TRG02,2027,10,1449-05-21,1824154560,1824155160,1824159300,1824160800,1824180960,1824192900,1824202500,1824206700,2026-06-19T11:58:36.026216Z,2026-06-19T11:58:36.026216Z
TRG02,2027,10,1449-05-22,1824240960,1824241560,1824245700,1824247200,1824267360,1824279300,1824288840,1824293040,2026-06-19T11:58:36.026216Z,2026-06-19T11:58:36.026216Z
TRG02,2027,10,1449-05-23,1824327360,1824327960,1824332100,1824333600,1824353760,1824365700,1824375240,1824379440,2026-06-19T11:58:36.026216Z,2026-06-19T11:58:36.026216Z
TRG02,2027,10,1449-05-24,1824413760,1824414360,1824418500,1824420000,1824440160,1824452100,1824461640,1824465840,2026-06-19T11:58:36.026216Z,2026-06-19T11:58:36.026216Z
TRG02,2027,10,1449-05-25,1824500160,1824500760,1824504900,1824506400,1824526560,1824538500,1824547980,1824552240,2026-06-19T11:58:36.026216Z,2026-06-19T11:58:36.026216Z
TRG02,2027,10,1449-05-26,1824586560,1824587160,1824591300,1824592800,1824612960,1824624900,1824634380,1824638640,2026-06-19T11:58:36.026216Z,2026-06-19T11:58:36.026216Z
TRG02,2027,10,1449-05-27,1824672960,1824673560,1824677700,1824679200,1824699360,1824711300,1824720780,1824725040,2026-06-19T11:58:36.026216Z,2026-06-19T11:58:36.026216Z
TRG02,2027,10,1449-05-28,1824759360,1824759960,1824764100,1824765600,1824785760,1824797700,1824807180,1824811440,2026-06-19T11:58:36.026216Z,2026-06-19T11:58:36.026216Z
TRG02,2027,10,1449-05-29,1824845760,1824846360,1824850500,1824852000,1824872160,1824884160,1824893580,1824897780,2026-06-19T11:58:36.026216Z,2026-06-19T11:58:36.026216Z
TRG02,2027,10,1449-06-01,1824932160,1824932760,1824936900,1824938400,1824958560,1824970560,1824979920,1824984180,2026-06-19T11:58:36.026216Z,2026-06-19T11:58:36.026216Z
TRG02,2027,11,1449-06-02,1825018560,1825019160,1825023360,1825024860,1825044960,1825056960,1825066320,1825070580,2026-06-19T11:58:36.026216Z,2026-06-19T11:58:36.026216Z
TRG02,2027,11,1449-06-03,1825104960,1825105560,1825109760,1825111260,1825131300,1825143360,1825152720,1825156980,2026-06-19T11:58:36.026216Z,2026-06-19T11:58:36.026216Z
TRG02,2027,11,1449-06-04,1825191360,1825191960,1825196160,1825197660,1825217700,1825229760,1825239120,1825243380,2026-06-19T11:58:36.026216Z,2026-06-19T11:58:36.026216Z
TRG02,2027,11,1449-06-05,1825277760,1825278360,1825282560,1825284060,1825304100,1825316160,1825325520,1825329780,2026-06-19T11:58:36.026216Z,2026-06-19T11:58:36.026216Z
TRG02,2027,11,1449-06-06,1825364160,1825364760,1825368960,1825370460,1825390500,1825402560,1825411920,1825416180,2026-06-19T11:58:36.026216Z,2026-06-19T11:58:36.026216Z
TRG02,2027,11,1449-06-07,1825450560,1825451160,1825455360,1825456860,1825476960,1825488960,1825498320,1825502580,2026-06-19T11:58:36.026216Z,2026-06-19T11:58:36.026216Z
TRG02,2027,11,1449-06-08,1825536960,1825537560,1825541760,1825543260,1825563360,1825575360,1825584720,1825588980,2026-06-19T11:58:36.026216Z,2026-06-19T11:58:36.026216Z
TRG02,2027,11,1449-06-09,1825623360,1825623960,1825628160,1825629660,1825649760,1825661760,1825671120,1825675380,2026-06-19T11:58:36.026216Z,2026-06-19T11:58:36.026216Z
TRG02,2027,11,1449-06-10,1825709760,1825710360,1825714620,1825716120,1825736160,1825748220,1825757520,1825761780,2026-06-19T11:58:36.026216Z,2026-06-19T11:58:36.026216Z
TRG02,2027,11,1449-06-11,1825796160,1825796760,1825801020,1825802520,1825822560,1825834620,1825843920,1825848180,2026-06-19T11:58:36.026216Z,2026-06-19T11:58:36.026216Z
TRG02,2027,11,1449-06-12,1825882560,1825883160,1825887420,1825888920,1825908960,1825921020,1825930260,1825934640,2026-06-19T11:58:36.026216Z,2026-06-19T11:58:36.026216Z
TRG02,2027,11,1449-06-13,1825968960,1825969560,1825973820,1825975320,1825995360,1826007420,1826016660,1826021040,2026-06-19T11:58:36.026216Z,2026-06-19T11:58:36.026216Z
TRG02,2027,11,1449-06-14,1826055360,1826055960,1826060280,1826061780,1826081760,1826093820,1826103120,1826107440,2026-06-19T11:58:36.026216Z,2026-06-19T11:58:36.026216Z
TRG02,2027,11,1449-06-15,1826141760,1826142360,1826146680,1826148180,1826168160,1826180220,1826189520,1826193840,2026-06-19T11:58:36.026216Z,2026-06-19T11:58:36.026216Z
TRG02,2027,11,1449-06-16,1826228220,1826228820,1826233080,1826234580,1826254560,1826266680,1826275920,1826280240,2026-06-19T11:58:36.026216Z,2026-06-19T11:58:36.026216Z
TRG02,2027,11,1449-06-17,1826314620,1826315220,1826319480,1826320980,1826341020,1826353080,1826362320,1826366640,2026-06-19T11:58:36.026216Z,2026-06-19T11:58:36.026216Z
TRG02,2027,11,1449-06-18,1826401020,1826401620,1826405940,1826407440,1826427420,1826439480,1826448720,1826453040,2026-06-19T11:58:36.026216Z,2026-06-19T11:58:36.026216Z
TRG02,2027,11,1449-06-19,1826487420,1826488020,1826492340,1826493840,1826513820,1826525880,1826535120,1826539500,2026-06-19T11:58:36.026216Z,2026-06-19T11:58:36.026216Z
TRG02,2027,11,1449-06-20,1826573820,1826574420,1826578740,1826580240,1826600220,1826612340,1826621520,1826625900,2026-06-19T11:58:36.026216Z,2026-06-19T11:58:36.026216Z
TRG02,2027,11,1449-06-21,1826660280,1826660880,1826665140,1826666640,1826686620,1826698740,1826707920,1826712300,2026-06-19T11:58:36.026216Z,2026-06-19T11:58:36.026216Z
TRG02,2027,11,1449-06-22,1826746680,1826747280,1826751600,1826753100,1826773080,1826785140,1826794320,1826798700,2026-06-19T11:58:36.026216Z,2026-06-19T11:58:36.026216Z
TRG02,2027,11,1449-06-23,1826833080,1826833680,1826838000,1826839500,1826859480,1826871540,1826880720,1826885160,2026-06-19T11:58:36.026216Z,2026-06-19T11:58:36.026216Z
TRG02,2027,11,1449-06-24,1826919480,1826920080,1826924460,1826925960,1826945880,1826958000,1826967180,1826971560,2026-06-19T11:58:36.026216Z,2026-06-19T11:58:36.026216Z
TRG02,2027,11,1449-06-25,1827005940,1827006540,1827010860,1827012360,1827032280,1827044400,1827053580,1827057960,2026-06-19T11:58:36.026216Z,2026-06-19T11:58:36.026216Z
TRG02,2027,11,1449-06-26,1827092340,1827092940,1827097260,1827098760,1827118740,1827130800,1827139980,1827144420,2026-06-19T11:58:36.026216Z,2026-06-19T11:58:36.026216Z
TRG02,2027,11,1449-06-27,1827178740,1827179340,1827183720,1827185220,1827205140,1827217260,1827226380,1827230820,2026-06-19T11:58:36.026216Z,2026-06-19T11:58:36.026216Z
TRG02,2027,11,1449-06-28,1827265140,1827265740,1827270120,1827271620,1827291540,1827303660,1827312780,1827317220,2026-06-19T11:58:36.026216Z,2026-06-19T11:58:36.026216Z
TRG02,2027,11,1449-06-29,1827351600,1827352200,1827356520,1827358020,1827378000,1827390060,1827399240,1827403680,2026-06-19T11:58:36.026216Z,2026-06-19T11:58:36.026216Z
TRG02,2027,11,1449-06-30,1827438000,1827438600,1827442980,1827444480,1827464400,1827476520,1827485640,1827490080,2026-06-19T11:58:36.026216Z,2026-06-19T11:58:36.026216Z
TRG02,2027,11,1449-07-01,1827524400,1827525000,1827529380,1827530880,1827550800,1827562920,1827572040,1827576480,2026-06-19T11:58:36.026216Z,2026-06-19T11:58:36.026216Z
TRG02,2027,12,1449-07-02,1827610860,1827611460,1827615840,1827617340,1827637260,1827649320,1827658500,1827662940,2026-06-19T11:58:36.026216Z,2026-06-19T11:58:36.026216Z
TRG02,2027,12,1449-07-03,1827697260,1827697860,1827702240,1827703740,1827723660,1827735780,1827744900,1827749340,2026-06-19T11:58:36.026216Z,2026-06-19T11:58:36.026216Z
TRG02,2027,12,1449-07-04,1827783660,1827784260,1827788700,1827790200,1827810060,1827822180,1827831300,1827835740,2026-06-19T11:58:36.026216Z,2026-06-19T11:58:36.026216Z
TRG02,2027,12,1449-07-05,1827870120,1827870720,1827875100,1827876600,1827896520,1827908580,1827917760,1827922200,2026-06-19T11:58:36.026216Z,2026-06-19T11:58:36.026216Z
TRG02,2027,12,1449-07-06,1827956520,1827957120,1827961560,1827963060,1827982920,1827995040,1828004160,1828008600,2026-06-19T11:58:36.026216Z,2026-06-19T11:58:36.026216Z
TRG02,2027,12,1449-07-07,1828042980,1828043580,1828047960,1828049460,1828069380,1828081440,1828090560,1828095060,2026-06-19T11:58:36.026216Z,2026-06-19T11:58:36.026216Z
TRG02,2027,12,1449-07-08,1828129380,1828129980,1828134360,1828135860,1828155780,1828167900,1828177020,1828181460,2026-06-19T11:58:36.026216Z,2026-06-19T11:58:36.026216Z
TRG02,2027,12,1449-07-09,1828215780,1828216380,1828220820,1828222320,1828242240,1828254300,1828263420,1828267920,2026-06-19T11:58:36.026216Z,2026-06-19T11:58:36.026216Z
TRG02,2027,12,1449-07-10,1828302240,1828302840,1828307220,1828308720,1828328640,1828340700,1828349820,1828354320,2026-06-19T11:58:36.026216Z,2026-06-19T11:58:36.026216Z
TRG02,2027,12,1449-07-11,1828388640,1828389240,1828393680,1828395180,1828415040,1828427160,1828436280,1828440720,2026-06-19T11:58:36.026216Z,2026-06-19T11:58:36.026216Z
TRG02,2027,12,1449-07-12,1828475100,1828475700,1828480080,1828481580,1828501500,1828513560,1828522680,1828527180,2026-06-19T11:58:36.026216Z,2026-06-19T11:58:36.026216Z
TRG02,2027,12,1449-07-13,1828561500,1828562100,1828566540,1828568040,1828587900,1828600020,1828609140,1828613580,2026-06-19T11:58:36.026216Z,2026-06-19T11:58:36.026216Z
TRG02,2027,12,1449-07-14,1828647960,1828648560,1828652940,1828654440,1828674360,1828686420,1828695540,1828700040,2026-06-19T11:58:36.026216Z,2026-06-19T11:58:36.026216Z
TRG02,2027,12,1449-07-15,1828734360,1828734960,1828739400,1828740900,1828760760,1828772880,1828782000,1828786440,2026-06-19T11:58:36.026216Z,2026-06-19T11:58:36.026216Z
TRG02,2027,12,1449-07-16,1828820820,1828821420,1828825800,1828827300,1828847220,1828859280,1828868400,1828872900,2026-06-19T11:58:36.026216Z,2026-06-19T11:58:36.026216Z
TRG02,2027,12,1449-07-17,1828907220,1828907820,1828912260,1828913760,1828933620,1828945740,1828954800,1828959300,2026-06-19T11:58:36.026216Z,2026-06-19T11:58:36.026216Z
TRG02,2027,12,1449-07-18,1828993680,1828994280,1828998660,1829000160,1829020080,1829032140,1829041260,1829045760,2026-06-19T11:58:36.026216Z,2026-06-19T11:58:36.026216Z
TRG02,2027,12,1449-07-19,1829080080,1829080680,1829085120,1829086620,1829106480,1829118600,1829127660,1829132160,2026-06-19T11:58:36.026216Z,2026-06-19T11:58:36.026216Z
TRG02,2027,12,1449-07-20,1829166480,1829167080,1829171520,1829173020,1829192940,1829205000,1829214120,1829218620,2026-06-19T11:58:36.026216Z,2026-06-19T11:58:36.026216Z
TRG02,2027,12,1449-07-21,1829252940,1829253540,1829257980,1829259480,1829279340,1829291460,1829300520,1829305020,2026-06-19T11:58:36.026216Z,2026-06-19T11:58:36.026216Z
TRG02,2027,12,1449-07-22,1829339340,1829339940,1829344380,1829345880,1829365800,1829377860,1829386980,1829391480,2026-06-19T11:58:36.026216Z,2026-06-19T11:58:36.026216Z
TRG02,2027,12,1449-07-23,1829425800,1829426400,1829430840,1829432340,1829452200,1829464320,1829473380,1829477880,2026-06-19T11:58:36.026216Z,2026-06-19T11:58:36.026216Z
TRG02,2027,12,1449-07-24,1829512200,1829512800,1829517240,1829518740,1829538660,1829550720,1829559840,1829564340,2026-06-19T11:58:36.026216Z,2026-06-19T11:58:36.026216Z
TRG02,2027,12,1449-07-25,1829598660,1829599260,1829603700,1829605200,1829625060,1829637180,1829646240,1829650740,2026-06-19T11:58:36.026216Z,2026-06-19T11:58:36.026216Z
TRG02,2027,12,1449-07-26,1829685060,1829685660,1829690100,1829691600,1829711520,1829723580,1829732700,1829737200,2026-06-19T11:58:36.026216Z,2026-06-19T11:58:36.026216Z
TRG02,2027,12,1449-07-27,1829771520,1829772120,1829776560,1829778060,1829797920,1829810040,1829819100,1829823600,2026-06-19T11:58:36.026216Z,2026-06-19T11:58:36.026216Z
TRG02,2027,12,1449-07-28,1829857920,1829858520,1829862960,1829864460,1829884380,1829896440,1829905560,1829910060,2026-06-19T11:58:36.026216Z,2026-06-19T11:58:36.026216Z
TRG02,2027,12,1449-07-29,1829944380,1829944980,1829949420,1829950920,1829970780,1829982900,1829991960,1829996460,2026-06-19T11:58:36.026216Z,2026-06-19T11:58:36.026216Z
TRG02,2027,12,1449-08-01,1830030780,1830031380,1830035820,1830037320,1830057240,1830069300,1830078420,1830082920,2026-06-19T11:58:36.026216Z,2026-06-19T11:58:36.026216Z
TRG02,2027,12,1449-08-02,1830117240,1830117840,1830122280,1830123780,1830143640,1830155760,1830164820,1830169320,2026-06-19T11:58:36.026216Z,2026-06-19T11:58:36.026216Z
TRG02,2027,12,1449-08-03,1830203640,1830204240,1830208680,1830210180,1830230100,1830242160,1830251280,1830255780,2026-06-19T11:58:36.026216Z,2026-06-19T11:58:36.026216Z
TRG03,2027,01,1448-07-22,1798754040,1798754640,1798759080,1798760580,1798780500,1798792620,1798801740,1798806180,2026-06-19T11:58:36.277837Z,2026-06-19T11:58:36.277837Z
TRG03,2027,01,1448-07-23,1798840440,1798841040,1798845480,1798846980,1798866900,1798879020,1798888140,1798892640,2026-06-19T11:58:36.277837Z,2026-06-19T11:58:36.277837Z
TRG03,2027,01,1448-07-24,1798926900,1798927500,1798931880,1798933380,1798953360,1798965420,1798974600,1798979040,2026-06-19T11:58:36.277837Z,2026-06-19T11:58:36.277837Z
TRG03,2027,01,1448-07-25,1799013300,1799013900,1799018340,1799019840,1799039760,1799051880,1799061000,1799065500,2026-06-19T11:58:36.277837Z,2026-06-19T11:58:36.277837Z
TRG03,2027,01,1448-07-26,1799099760,1799100360,1799104740,1799106240,1799126220,1799138280,1799147460,1799151900,2026-06-19T11:58:36.277837Z,2026-06-19T11:58:36.277837Z
TRG03,2027,01,1448-07-27,1799186160,1799186760,1799191200,1799192700,1799212620,1799224740,1799233860,1799238360,2026-06-19T11:58:36.277837Z,2026-06-19T11:58:36.277837Z
TRG03,2027,01,1448-07-28,1799272620,1799273220,1799277600,1799279100,1799299020,1799311140,1799320320,1799324760,2026-06-19T11:58:36.277837Z,2026-06-19T11:58:36.277837Z
TRG03,2027,01,1448-07-29,1799359020,1799359620,1799364000,1799365500,1799385480,1799397600,1799406720,1799411220,2026-06-19T11:58:36.277837Z,2026-06-19T11:58:36.277837Z
TRG03,2027,01,1448-07-30,1799445480,1799446080,1799450460,1799451960,1799471880,1799484000,1799493180,1799497620,2026-06-19T11:58:36.277837Z,2026-06-19T11:58:36.277837Z
TRG03,2027,01,1448-08-01,1799531880,1799532480,1799536860,1799538360,1799558340,1799570460,1799579580,1799584020,2026-06-19T11:58:36.277837Z,2026-06-19T11:58:36.277837Z
TRG03,2027,01,1448-08-02,1799618280,1799618880,1799623320,1799624820,1799644740,1799656860,1799666040,1799670480,2026-06-19T11:58:36.277837Z,2026-06-19T11:58:36.277837Z
TRG03,2027,01,1448-08-03,1799704740,1799705340,1799709720,1799711220,1799731200,1799743260,1799752440,1799756880,2026-06-19T11:58:36.277837Z,2026-06-19T11:58:36.277837Z
TRG03,2027,01,1448-08-04,1799791140,1799791740,1799796120,1799797620,1799817600,1799829720,1799838900,1799843280,2026-06-19T11:58:36.277837Z,2026-06-19T11:58:36.277837Z
TRG03,2027,01,1448-08-05,1799877600,1799878200,1799882520,1799884020,1799904000,1799916120,1799925300,1799929740,2026-06-19T11:58:36.277837Z,2026-06-19T11:58:36.277837Z
TRG03,2027,01,1448-08-06,1799964000,1799964600,1799968980,1799970480,1799990460,1800002520,1800011700,1800016140,2026-06-19T11:58:36.277837Z,2026-06-19T11:58:36.277837Z
TRG03,2027,01,1448-08-07,1800050400,1800051000,1800055380,1800056880,1800076860,1800088980,1800098160,1800102540,2026-06-19T11:58:36.277837Z,2026-06-19T11:58:36.277837Z
TRG03,2027,01,1448-08-08,1800136860,1800137460,1800141780,1800143280,1800163260,1800175380,1800184560,1800189000,2026-06-19T11:58:36.277837Z,2026-06-19T11:58:36.277837Z
TRG03,2027,01,1448-08-09,1800223260,1800223860,1800228240,1800229740,1800249720,1800261780,1800271020,1800275400,2026-06-19T11:58:36.277837Z,2026-06-19T11:58:36.277837Z
TRG03,2027,01,1448-08-10,1800309660,1800310260,1800314640,1800316140,1800336120,1800348240,1800357420,1800361800,2026-06-19T11:58:36.277837Z,2026-06-19T11:58:36.277837Z
TRG03,2027,01,1448-08-11,1800396120,1800396720,1800401040,1800402540,1800422520,1800434640,1800443820,1800448260,2026-06-19T11:58:36.277837Z,2026-06-19T11:58:36.277837Z
TRG03,2027,01,1448-08-12,1800482520,1800483120,1800487440,1800488940,1800508980,1800521040,1800530280,1800534660,2026-06-19T11:58:36.277837Z,2026-06-19T11:58:36.277837Z
TRG03,2027,01,1448-08-13,1800568920,1800569520,1800573840,1800575340,1800595380,1800607440,1800616680,1800621060,2026-06-19T11:58:36.277837Z,2026-06-19T11:58:36.277837Z
TRG03,2027,01,1448-08-14,1800655380,1800655980,1800660300,1800661800,1800681780,1800693900,1800703140,1800707460,2026-06-19T11:58:36.277837Z,2026-06-19T11:58:36.277837Z
TRG03,2027,01,1448-08-15,1800741780,1800742380,1800746700,1800748200,1800768180,1800780300,1800789540,1800793920,2026-06-19T11:58:36.277837Z,2026-06-19T11:58:36.277837Z
TRG03,2027,01,1448-08-16,1800828180,1800828780,1800833100,1800834600,1800854640,1800866700,1800875940,1800880320,2026-06-19T11:58:36.277837Z,2026-06-19T11:58:36.277837Z
TRG03,2027,01,1448-08-17,1800914580,1800915180,1800919500,1800921000,1800941040,1800953100,1800962400,1800966720,2026-06-19T11:58:36.277837Z,2026-06-19T11:58:36.277837Z
TRG03,2027,01,1448-08-18,1801001040,1801001640,1801005900,1801007400,1801027440,1801039500,1801048800,1801053120,2026-06-19T11:58:36.277837Z,2026-06-19T11:58:36.277837Z
TRG03,2027,01,1448-08-19,1801087440,1801088040,1801092300,1801093800,1801113840,1801125960,1801135200,1801139520,2026-06-19T11:58:36.277837Z,2026-06-19T11:58:36.277837Z
TRG03,2027,01,1448-08-20,1801173840,1801174440,1801178700,1801180200,1801200240,1801212360,1801221600,1801225980,2026-06-19T11:58:36.277837Z,2026-06-19T11:58:36.277837Z
TRG03,2027,01,1448-08-21,1801260240,1801260840,1801265100,1801266600,1801286700,1801298760,1801308060,1801312380,2026-06-19T11:58:36.277837Z,2026-06-19T11:58:36.277837Z
TRG03,2027,01,1448-08-22,1801346640,1801347240,1801351560,1801353060,1801373100,1801385160,1801394460,1801398780,2026-06-19T11:58:36.277837Z,2026-06-19T11:58:36.277837Z
TRG03,2027,02,1448-08-23,1801433100,1801433700,1801437960,1801439460,1801459500,1801471560,1801480860,1801485180,2026-06-19T11:58:36.277837Z,2026-06-19T11:58:36.277837Z
TRG03,2027,02,1448-08-24,1801519500,1801520100,1801524360,1801525860,1801545900,1801557960,1801567260,1801571580,2026-06-19T11:58:36.277837Z,2026-06-19T11:58:36.277837Z
TRG03,2027,02,1448-08-25,1801605900,1801606500,1801610760,1801612260,1801632300,1801644360,1801653720,1801657980,2026-06-19T11:58:36.277837Z,2026-06-19T11:58:36.277837Z
TRG03,2027,02,1448-08-26,1801692300,1801692900,1801697160,1801698660,1801718700,1801730760,1801740120,1801744380,2026-06-19T11:58:36.277837Z,2026-06-19T11:58:36.277837Z
TRG03,2027,02,1448-08-27,1801778700,1801779300,1801783560,1801785060,1801805100,1801817160,1801826520,1801830840,2026-06-19T11:58:36.277837Z,2026-06-19T11:58:36.277837Z
TRG03,2027,02,1448-08-28,1801865100,1801865700,1801869960,1801871460,1801891500,1801903560,1801912920,1801917240,2026-06-19T11:58:36.277837Z,2026-06-19T11:58:36.277837Z
TRG03,2027,02,1448-08-29,1801951500,1801952100,1801956360,1801957860,1801977960,1801989960,1801999320,1802003640,2026-06-19T11:58:36.277837Z,2026-06-19T11:58:36.277837Z
TRG03,2027,02,1448-09-01,1802037900,1802038500,1802042700,1802044200,1802064360,1802076360,1802085780,1802090040,2026-06-19T11:58:36.277837Z,2026-06-19T11:58:36.277837Z
TRG03,2027,02,1448-09-02,1802124300,1802124900,1802129100,1802130600,1802150760,1802162760,1802172180,1802176440,2026-06-19T11:58:36.277837Z,2026-06-19T11:58:36.277837Z
TRG03,2027,02,1448-09-03,1802210700,1802211300,1802215500,1802217000,1802237160,1802249160,1802258580,1802262840,2026-06-19T11:58:36.277837Z,2026-06-19T11:58:36.277837Z
TRG03,2027,02,1448-09-04,1802297100,1802297700,1802301900,1802303400,1802323560,1802335560,1802344980,1802349240,2026-06-19T11:58:36.277837Z,2026-06-19T11:58:36.277837Z
TRG03,2027,02,1448-09-05,1802383500,1802384100,1802388300,1802389800,1802409960,1802421900,1802431380,1802435640,2026-06-19T11:58:36.277837Z,2026-06-19T11:58:36.277837Z
TRG03,2027,02,1448-09-06,1802469900,1802470500,1802474700,1802476200,1802496360,1802508300,1802517780,1802522040,2026-06-19T11:58:36.277837Z,2026-06-19T11:58:36.277837Z
TRG03,2027,02,1448-09-07,1802556300,1802556900,1802561100,1802562600,1802582760,1802594700,1802604180,1802608440,2026-06-19T11:58:36.277837Z,2026-06-19T11:58:36.277837Z
TRG03,2027,02,1448-09-08,1802642700,1802643300,1802647500,1802649000,1802669160,1802681100,1802690580,1802694840,2026-06-19T11:58:36.277837Z,2026-06-19T11:58:36.277837Z
TRG03,2027,02,1448-09-09,1802729100,1802729700,1802733840,1802735340,1802755560,1802767500,1802776980,1802781240,2026-06-19T11:58:36.277837Z,2026-06-19T11:58:36.277837Z
TRG03,2027,02,1448-09-10,1802815500,1802816100,1802820240,1802821740,1802841900,1802853840,1802863440,1802867640,2026-06-19T11:58:36.277837Z,2026-06-19T11:58:36.277837Z
TRG03,2027,02,1448-09-11,1802901900,1802902500,1802906640,1802908140,1802928300,1802940240,1802949840,1802954040,2026-06-19T11:58:36.277837Z,2026-06-19T11:58:36.277837Z
TRG03,2027,02,1448-09-12,1802988300,1802988900,1802993040,1802994540,1803014700,1803026640,1803036240,1803040440,2026-06-19T11:58:36.277837Z,2026-06-19T11:58:36.277837Z
TRG03,2027,02,1448-09-13,1803074700,1803075300,1803079440,1803080940,1803101100,1803113040,1803122640,1803126840,2026-06-19T11:58:36.277837Z,2026-06-19T11:58:36.277837Z
TRG03,2027,02,1448-09-14,1803161040,1803161640,1803165780,1803167280,1803187500,1803199380,1803209040,1803213240,2026-06-19T11:58:36.277837Z,2026-06-19T11:58:36.277837Z
TRG03,2027,02,1448-09-15,1803247440,1803248040,1803252180,1803253680,1803273900,1803285780,1803295440,1803299640,2026-06-19T11:58:36.277837Z,2026-06-19T11:58:36.277837Z
TRG03,2027,02,1448-09-16,1803333840,1803334440,1803338580,1803340080,1803360300,1803372180,1803381840,1803386040,2026-06-19T11:58:36.277837Z,2026-06-19T11:58:36.277837Z
TRG03,2027,02,1448-09-17,1803420240,1803420840,1803424980,1803426480,1803446700,1803458520,1803468240,1803472380,2026-06-19T11:58:36.277837Z,2026-06-19T11:58:36.277837Z
TRG03,2027,02,1448-09-18,1803506640,1803507240,1803511320,1803512820,1803533100,1803544920,1803554640,1803558780,2026-06-19T11:58:36.277837Z,2026-06-19T11:58:36.277837Z
TRG03,2027,02,1448-09-19,1803592980,1803593580,1803597720,1803599220,1803619440,1803631260,1803641040,1803645180,2026-06-19T11:58:36.277837Z,2026-06-19T11:58:36.277837Z
TRG03,2027,02,1448-09-20,1803679380,1803679980,1803684120,1803685620,1803705840,1803717660,1803727440,1803731580,2026-06-19T11:58:36.277837Z,2026-06-19T11:58:36.277837Z
TRG03,2027,02,1448-09-21,1803765780,1803766380,1803770460,1803771960,1803792240,1803804000,1803813840,1803817980,2026-06-19T11:58:36.277837Z,2026-06-19T11:58:36.277837Z
TRG03,2027,03,1448-09-22,1803852180,1803852780,1803856860,1803858360,1803878640,1803890400,1803900180,1803904380,2026-06-19T11:58:36.277837Z,2026-06-19T11:58:36.277837Z
TRG03,2027,03,1448-09-23,1803938520,1803939120,1803943260,1803944760,1803965040,1803976740,1803986580,1803990780,2026-06-19T11:58:36.277837Z,2026-06-19T11:58:36.277837Z
TRG03,2027,03,1448-09-24,1804024920,1804025520,1804029600,1804031100,1804051380,1804063140,1804072980,1804077180,2026-06-19T11:58:36.277837Z,2026-06-19T11:58:36.277837Z
TRG03,2027,03,1448-09-25,1804111320,1804111920,1804116000,1804117500,1804137780,1804149480,1804159380,1804163580,2026-06-19T11:58:36.277837Z,2026-06-19T11:58:36.277837Z
TRG03,2027,03,1448-09-26,1804197720,1804198320,1804202400,1804203900,1804224180,1804235880,1804245780,1804249920,2026-06-19T11:58:36.277837Z,2026-06-19T11:58:36.277837Z
TRG03,2027,03,1448-09-27,1804284060,1804284660,1804288740,1804290240,1804310580,1804322220,1804332180,1804336320,2026-06-19T11:58:36.277837Z,2026-06-19T11:58:36.277837Z
TRG03,2027,03,1448-09-28,1804370460,1804371060,1804375140,1804376640,1804396980,1804408620,1804418580,1804422720,2026-06-19T11:58:36.277837Z,2026-06-19T11:58:36.277837Z
TRG03,2027,03,1448-09-29,1804456860,1804457460,1804461540,1804463040,1804483320,1804494960,1804504980,1804509120,2026-06-19T11:58:36.277837Z,2026-06-19T11:58:36.277837Z
TRG03,2027,03,1448-09-30,1804543200,1804543800,1804547880,1804549380,1804569720,1804581300,1804591380,1804595520,2026-06-19T11:58:36.277837Z,2026-06-19T11:58:36.277837Z
TRG03,2027,03,1448-10-01,1804629600,1804630200,1804634280,1804635780,1804656120,1804667700,1804677780,1804681920,2026-06-19T11:58:36.277837Z,2026-06-19T11:58:36.277837Z
TRG03,2027,03,1448-10-02,1804715940,1804716540,1804720680,1804722180,1804742520,1804754040,1804764180,1804768320,2026-06-19T11:58:36.277837Z,2026-06-19T11:58:36.277837Z
TRG03,2027,03,1448-10-03,1804802340,1804802940,1804807020,1804808520,1804828860,1804840380,1804850520,1804854660,2026-06-19T11:58:36.277837Z,2026-06-19T11:58:36.277837Z
TRG03,2027,03,1448-10-04,1804888740,1804889340,1804893420,1804894920,1804915260,1804926780,1804936920,1804941060,2026-06-19T11:58:36.277837Z,2026-06-19T11:58:36.277837Z
TRG03,2027,03,1448-10-05,1804975080,1804975680,1804979760,1804981260,1805001660,1805013120,1805023320,1805027460,2026-06-19T11:58:36.277837Z,2026-06-19T11:58:36.277837Z
TRG03,2027,03,1448-10-06,1805061480,1805062080,1805066160,1805067660,1805088000,1805099460,1805109720,1805113860,2026-06-19T11:58:36.277837Z,2026-06-19T11:58:36.277837Z
TRG03,2027,03,1448-10-07,1805147880,1805148480,1805152500,1805154000,1805174400,1805185800,1805196120,1805200260,2026-06-19T11:58:36.277837Z,2026-06-19T11:58:36.277837Z
TRG03,2027,03,1448-10-08,1805234220,1805234820,1805238900,1805240400,1805260800,1805272140,1805282520,1805286660,2026-06-19T11:58:36.277837Z,2026-06-19T11:58:36.277837Z
TRG03,2027,03,1448-10-09,1805320620,1805321220,1805325300,1805326800,1805347200,1805358540,1805368920,1805373060,2026-06-19T11:58:36.277837Z,2026-06-19T11:58:36.277837Z
TRG03,2027,03,1448-10-10,1805406960,1805407560,1805411640,1805413140,1805433540,1805444880,1805455260,1805459400,2026-06-19T11:58:36.277837Z,2026-06-19T11:58:36.277837Z
TRG03,2027,03,1448-10-11,1805493360,1805493960,1805498040,1805499540,1805519940,1805531220,1805541660,1805545800,2026-06-19T11:58:36.277837Z,2026-06-19T11:58:36.277837Z
TRG03,2027,03,1448-10-12,1805579700,1805580300,1805584380,1805585880,1805606340,1805617560,1805628060,1805632200,2026-06-19T11:58:36.277837Z,2026-06-19T11:58:36.277837Z
TRG03,2027,03,1448-10-13,1805666100,1805666700,1805670780,1805672280,1805692680,1805703900,1805714460,1805718600,2026-06-19T11:58:36.277837Z,2026-06-19T11:58:36.277837Z
TRG03,2027,03,1448-10-14,1805752440,1805753040,1805757120,1805758620,1805779080,1805790240,1805800860,1805805000,2026-06-19T11:58:36.277837Z,2026-06-19T11:58:36.277837Z
TRG03,2027,03,1448-10-15,1805838840,1805839440,1805843520,1805845020,1805865480,1805876640,1805887260,1805891400,2026-06-19T11:58:36.277837Z,2026-06-19T11:58:36.277837Z
TRG03,2027,03,1448-10-16,1805925240,1805925840,1805929920,1805931420,1805951880,1805962980,1805973600,1805977740,2026-06-19T11:58:36.277837Z,2026-06-19T11:58:36.277837Z
TRG03,2027,03,1448-10-17,1806011580,1806012180,1806016260,1806017760,1806038220,1806049320,1806060000,1806064140,2026-06-19T11:58:36.277837Z,2026-06-19T11:58:36.277837Z
TRG03,2027,03,1448-10-18,1806097980,1806098580,1806102660,1806104160,1806124620,1806135660,1806146400,1806150540,2026-06-19T11:58:36.277837Z,2026-06-19T11:58:36.277837Z
TRG03,2027,03,1448-10-19,1806184320,1806184920,1806189000,1806190500,1806211020,1806222000,1806232800,1806236940,2026-06-19T11:58:36.277837Z,2026-06-19T11:58:36.277837Z
TRG03,2027,03,1448-10-20,1806270720,1806271320,1806275400,1806276900,1806297360,1806308340,1806319200,1806323340,2026-06-19T11:58:36.277837Z,2026-06-19T11:58:36.277837Z
TRG03,2027,03,1448-10-21,1806357060,1806357660,1806361740,1806363240,1806383760,1806394680,1806405600,1806409740,2026-06-19T11:58:36.277837Z,2026-06-19T11:58:36.277837Z
TRG03,2027,03,1448-10-22,1806443460,1806444060,1806448140,1806449640,1806470160,1806481020,1806491940,1806496140,2026-06-19T11:58:36.277837Z,2026-06-19T11:58:36.277837Z
TRG03,2027,04,1448-10-23,1806529800,1806530400,1806534480,1806535980,1806556500,1806567360,1806578340,1806582540,2026-06-19T11:58:36.277837Z,2026-06-19T11:58:36.277837Z
TRG03,2027,04,1448-10-24,1806616200,1806616800,1806620880,1806622380,1806642900,1806653700,1806664740,1806668880,2026-06-19T11:58:36.277837Z,2026-06-19T11:58:36.277837Z
TRG03,2027,04,1448-10-25,1806702540,1806703140,1806707280,1806708780,1806729300,1806740100,1806751140,1806755280,2026-06-19T11:58:36.277837Z,2026-06-19T11:58:36.277837Z
TRG03,2027,04,1448-10-26,1806788940,1806789540,1806793620,1806795120,1806815700,1806826560,1806837540,1806841680,2026-06-19T11:58:36.277837Z,2026-06-19T11:58:36.277837Z
TRG03,2027,04,1448-10-27,1806875280,1806875880,1806880020,1806881520,1806902040,1806912960,1806923940,1806928080,2026-06-19T11:58:36.277837Z,2026-06-19T11:58:36.277837Z
TRG03,2027,04,1448-10-28,1806961680,1806962280,1806966360,1806967860,1806988440,1806999420,1807010340,1807014480,2026-06-19T11:58:36.277837Z,2026-06-19T11:58:36.277837Z
TRG03,2027,04,1448-10-29,1807048020,1807048620,1807052760,1807054260,1807074840,1807085820,1807096680,1807100880,2026-06-19T11:58:36.277837Z,2026-06-19T11:58:36.277837Z
TRG03,2027,04,1448-10-30,1807134420,1807135020,1807139160,1807140660,1807161180,1807172280,1807183080,1807187280,2026-06-19T11:58:36.277837Z,2026-06-19T11:58:36.277837Z
TRG03,2027,04,1448-11-01,1807220760,1807221360,1807225500,1807227000,1807247580,1807258680,1807269480,1807273680,2026-06-19T11:58:36.277837Z,2026-06-19T11:58:36.277837Z
TRG03,2027,04,1448-11-02,1807307160,1807307760,1807311900,1807313400,1807333980,1807345080,1807355880,1807360080,2026-06-19T11:58:36.277837Z,2026-06-19T11:58:36.277837Z
TRG03,2027,04,1448-11-03,1807393500,1807394100,1807398240,1807399740,1807420380,1807431540,1807442280,1807446480,2026-06-19T11:58:36.277837Z,2026-06-19T11:58:36.277837Z
TRG03,2027,04,1448-11-04,1807479900,1807480500,1807484640,1807486140,1807506720,1807517940,1807528680,1807532880,2026-06-19T11:58:36.277837Z,2026-06-19T11:58:36.277837Z
TRG03,2027,04,1448-11-05,1807566300,1807566900,1807571040,1807572540,1807593120,1807604400,1807615080,1807619280,2026-06-19T11:58:36.277837Z,2026-06-19T11:58:36.277837Z
TRG03,2027,04,1448-11-06,1807652640,1807653240,1807657380,1807658880,1807679520,1807690800,1807701480,1807705680,2026-06-19T11:58:36.277837Z,2026-06-19T11:58:36.277837Z
TRG03,2027,04,1448-11-07,1807739040,1807739640,1807743780,1807745280,1807765920,1807777200,1807787820,1807792080,2026-06-19T11:58:36.277837Z,2026-06-19T11:58:36.277837Z
TRG03,2027,04,1448-11-08,1807825380,1807825980,1807830120,1807831620,1807852260,1807863660,1807874220,1807878480,2026-06-19T11:58:36.277837Z,2026-06-19T11:58:36.277837Z
TRG03,2027,04,1448-11-09,1807911780,1807912380,1807916520,1807918020,1807938660,1807950060,1807960620,1807964880,2026-06-19T11:58:36.277837Z,2026-06-19T11:58:36.277837Z
TRG03,2027,04,1448-11-10,1807998120,1807998720,1808002920,1808004420,1808025060,1808036460,1808047020,1808051280,2026-06-19T11:58:36.277837Z,2026-06-19T11:58:36.277837Z
TRG03,2027,04,1448-11-11,1808084520,1808085120,1808089260,1808090760,1808111460,1808122920,1808133420,1808137680,2026-06-19T11:58:36.277837Z,2026-06-19T11:58:36.277837Z
TRG03,2027,04,1448-11-12,1808170860,1808171460,1808175660,1808177160,1808197800,1808209320,1808219820,1808224080,2026-06-19T11:58:36.277837Z,2026-06-19T11:58:36.277837Z
TRG03,2027,04,1448-11-13,1808257260,1808257860,1808262060,1808263560,1808284200,1808295780,1808306220,1808310480,2026-06-19T11:58:36.277837Z,2026-06-19T11:58:36.277837Z
TRG03,2027,04,1448-11-14,1808343660,1808344260,1808348400,1808349900,1808370600,1808382180,1808392620,1808396880,2026-06-19T11:58:36.277837Z,2026-06-19T11:58:36.277837Z
TRG03,2027,04,1448-11-15,1808430000,1808430600,1808434800,1808436300,1808457000,1808468580,1808479020,1808483280,2026-06-19T11:58:36.277837Z,2026-06-19T11:58:36.277837Z
TRG03,2027,04,1448-11-16,1808516400,1808517000,1808521200,1808522700,1808543400,1808554980,1808565420,1808569680,2026-06-19T11:58:36.277837Z,2026-06-19T11:58:36.277837Z
TRG03,2027,04,1448-11-17,1808602740,1808603340,1808607540,1808609040,1808629740,1808641440,1808651820,1808656080,2026-06-19T11:58:36.277837Z,2026-06-19T11:58:36.277837Z
TRG03,2027,04,1448-11-18,1808689140,1808689740,1808693940,1808695440,1808716140,1808727840,1808738220,1808742480,2026-06-19T11:58:36.277837Z,2026-06-19T11:58:36.277837Z
TRG03,2027,04,1448-11-19,1808775480,1808776080,1808780340,1808781840,1808802540,1808814240,1808824560,1808828880,2026-06-19T11:58:36.277837Z,2026-06-19T11:58:36.277837Z
TRG03,2027,04,1448-11-20,1808861880,1808862480,1808866680,1808868180,1808888940,1808900700,1808910960,1808915280,2026-06-19T11:58:36.277837Z,2026-06-19T11:58:36.277837Z
TRG03,2027,04,1448-11-21,1808948280,1808948880,1808953080,1808954580,1808975340,1808987100,1808997360,1809001680,2026-06-19T11:58:36.277837Z,2026-06-19T11:58:36.277837Z
TRG03,2027,04,1448-11-22,1809034620,1809035220,1809039480,1809040980,1809061740,1809073500,1809083760,1809088080,2026-06-19T11:58:36.277837Z,2026-06-19T11:58:36.277837Z
TRG03,2027,05,1448-11-23,1809121020,1809121620,1809125880,1809127380,1809148140,1809159960,1809170160,1809174480,2026-06-19T11:58:36.277837Z,2026-06-19T11:58:36.277837Z
TRG03,2027,05,1448-11-24,1809207420,1809208020,1809212220,1809213720,1809234480,1809246360,1809256560,1809260880,2026-06-19T11:58:36.277837Z,2026-06-19T11:58:36.277837Z
TRG03,2027,05,1448-11-25,1809293760,1809294360,1809298620,1809300120,1809320880,1809332760,1809342960,1809347280,2026-06-19T11:58:36.277837Z,2026-06-19T11:58:36.277837Z
TRG03,2027,05,1448-11-26,1809380160,1809380760,1809385020,1809386520,1809407280,1809419160,1809429360,1809433740,2026-06-19T11:58:36.277837Z,2026-06-19T11:58:36.277837Z
TRG03,2027,05,1448-11-27,1809466560,1809467160,1809471420,1809472920,1809493680,1809505620,1809515760,1809520140,2026-06-19T11:58:36.277837Z,2026-06-19T11:58:36.277837Z
TRG03,2027,05,1448-11-28,1809552900,1809553500,1809557820,1809559320,1809580080,1809592020,1809602160,1809606540,2026-06-19T11:58:36.277837Z,2026-06-19T11:58:36.277837Z
TRG03,2027,05,1448-11-29,1809639300,1809639900,1809644160,1809645660,1809666480,1809678420,1809688620,1809692940,2026-06-19T11:58:36.277837Z,2026-06-19T11:58:36.277837Z
TRG03,2027,05,1448-12-01,1809725700,1809726300,1809730560,1809732060,1809752880,1809764820,1809775020,1809779340,2026-06-19T11:58:36.277837Z,2026-06-19T11:58:36.277837Z
TRG03,2027,05,1448-12-02,1809812040,1809812640,1809816960,1809818460,1809839280,1809851280,1809861420,1809865740,2026-06-19T11:58:36.277837Z,2026-06-19T11:58:36.277837Z
TRG03,2027,05,1448-12-03,1809898440,1809899040,1809903360,1809904860,1809925680,1809937680,1809947820,1809952200,2026-06-19T11:58:36.277837Z,2026-06-19T11:58:36.277837Z
TRG03,2027,05,1448-12-04,1809984840,1809985440,1809989760,1809991260,1810012080,1810024080,1810034220,1810038600,2026-06-19T11:58:36.277837Z,2026-06-19T11:58:36.277837Z
TRG03,2027,05,1448-12-05,1810071240,1810071840,1810076160,1810077660,1810098480,1810110540,1810120620,1810125000,2026-06-19T11:58:36.277837Z,2026-06-19T11:58:36.277837Z
TRG03,2027,05,1448-12-06,1810157580,1810158180,1810162560,1810164060,1810184880,1810196940,1810207020,1810211400,2026-06-19T11:58:36.277837Z,2026-06-19T11:58:36.277837Z
TRG03,2027,05,1448-12-07,1810243980,1810244580,1810248900,1810250400,1810271280,1810283340,1810293420,1810297800,2026-06-19T11:58:36.277837Z,2026-06-19T11:58:36.277837Z
TRG03,2027,05,1448-12-08,1810330380,1810330980,1810335300,1810336800,1810357680,1810369740,1810379820,1810384260,2026-06-19T11:58:36.277837Z,2026-06-19T11:58:36.277837Z
TRG03,2027,05,1448-12-09,1810416780,1810417380,1810421700,1810423200,1810444080,1810456200,1810466220,1810470660,2026-06-19T11:58:36.277837Z,2026-06-19T11:58:36.277837Z
TRG03,2027,05,1448-12-10,1810503180,1810503780,1810508100,1810509600,1810530480,1810542600,1810552620,1810557060,2026-06-19T11:58:36.277837Z,2026-06-19T11:58:36.277837Z
TRG03,2027,05,1448-12-11,1810589520,1810590120,1810594500,1810596000,1810616880,1810629000,1810639020,1810643460,2026-06-19T11:58:36.277837Z,2026-06-19T11:58:36.277837Z
TRG03,2027,05,1448-12-12,1810675920,1810676520,1810680900,1810682400,1810703280,1810715400,1810725480,1810729920,2026-06-19T11:58:36.277837Z,2026-06-19T11:58:36.277837Z
TRG03,2027,05,1448-12-13,1810762320,1810762920,1810767300,1810768800,1810789680,1810801860,1810811880,1810816320,2026-06-19T11:58:36.277837Z,2026-06-19T11:58:36.277837Z
TRG03,2027,05,1448-12-14,1810848720,1810849320,1810853700,1810855200,1810876080,1810888260,1810898280,1810902720,2026-06-19T11:58:36.277837Z,2026-06-19T11:58:36.277837Z
TRG03,2027,05,1448-12-15,1810935120,1810935720,1810940100,1810941600,1810962480,1810974660,1810984680,1810989120,2026-06-19T11:58:36.277837Z,2026-06-19T11:58:36.277837Z
TRG03,2027,05,1448-12-16,1811021520,1811022120,1811026500,1811028000,1811048880,1811061120,1811071080,1811075580,2026-06-19T11:58:36.277837Z,2026-06-19T11:58:36.277837Z
TRG03,2027,05,1448-12-17,1811107920,1811108520,1811112900,1811114400,1811135280,1811147520,1811157480,1811161980,2026-06-19T11:58:36.277837Z,2026-06-19T11:58:36.277837Z
TRG03,2027,05,1448-12-18,1811194320,1811194920,1811199300,1811200800,1811221680,1811233920,1811243940,1811248380,2026-06-19T11:58:36.277837Z,2026-06-19T11:58:36.277837Z
TRG03,2027,05,1448-12-19,1811280720,1811281320,1811285700,1811287200,1811308080,1811320320,1811330340,1811334780,2026-06-19T11:58:36.277837Z,2026-06-19T11:58:36.277837Z
TRG03,2027,05,1448-12-20,1811367060,1811367660,1811372100,1811373600,1811394540,1811406780,1811416740,1811421240,2026-06-19T11:58:36.277837Z,2026-06-19T11:58:36.277837Z
TRG03,2027,05,1448-12-21,1811453460,1811454060,1811458500,1811460000,1811480940,1811493180,1811503140,1811507640,2026-06-19T11:58:36.277837Z,2026-06-19T11:58:36.277837Z
TRG03,2027,05,1448-12-22,1811539860,1811540460,1811544900,1811546400,1811567340,1811579580,1811589540,1811594040,2026-06-19T11:58:36.277837Z,2026-06-19T11:58:36.277837Z
TRG03,2027,05,1448-12-23,1811626260,1811626860,1811631300,1811632800,1811653740,1811666040,1811675940,1811680440,2026-06-19T11:58:36.277837Z,2026-06-19T11:58:36.277837Z
TRG03,2027,05,1448-12-24,1811712660,1811713260,1811717700,1811719200,1811740140,1811752440,1811762400,1811766900,2026-06-19T11:58:36.277837Z,2026-06-19T11:58:36.277837Z
TRG03,2027,06,1448-12-25,1811799060,1811799660,1811804100,1811805600,1811826540,1811838840,1811848800,1811853300,2026-06-19T11:58:36.277837Z,2026-06-19T11:58:36.277837Z
TRG03,2027,06,1448-12-26,1811885460,1811886060,1811890560,1811892060,1811912940,1811925240,1811935200,1811939700,2026-06-19T11:58:36.277837Z,2026-06-19T11:58:36.277837Z
TRG03,2027,06,1448-12-27,1811971860,1811972460,1811976960,1811978460,1811999400,1812011700,1812021600,1812026160,2026-06-19T11:58:36.277837Z,2026-06-19T11:58:36.277837Z
TRG03,2027,06,1448-12-28,1812058260,1812058860,1812063360,1812064860,1812085800,1812098100,1812108060,1812112560,2026-06-19T11:58:36.277837Z,2026-06-19T11:58:36.277837Z
TRG03,2027,06,1448-12-29,1812144660,1812145260,1812149760,1812151260,1812172200,1812184500,1812194460,1812198960,2026-06-19T11:58:36.277837Z,2026-06-19T11:58:36.277837Z
TRG03,2027,06,1449-01-01,1812231120,1812231720,1812236160,1812237660,1812258600,1812270900,1812280860,1812285420,2026-06-19T11:58:36.277837Z,2026-06-19T11:58:36.277837Z
TRG03,2027,06,1449-01-02,1812317520,1812318120,1812322560,1812324060,1812345000,1812357360,1812367260,1812371820,2026-06-19T11:58:36.277837Z,2026-06-19T11:58:36.277837Z
TRG03,2027,06,1449-01-03,1812403920,1812404520,1812408960,1812410460,1812431400,1812443760,1812453660,1812458220,2026-06-19T11:58:36.277837Z,2026-06-19T11:58:36.277837Z
TRG03,2027,06,1449-01-04,1812490320,1812490920,1812495360,1812496860,1812517860,1812530160,1812540120,1812544620,2026-06-19T11:58:36.277837Z,2026-06-19T11:58:36.277837Z
TRG03,2027,06,1449-01-05,1812576720,1812577320,1812581820,1812583320,1812604260,1812616620,1812626520,1812631080,2026-06-19T11:58:36.277837Z,2026-06-19T11:58:36.277837Z
TRG03,2027,06,1449-01-06,1812663120,1812663720,1812668220,1812669720,1812690660,1812703020,1812712920,1812717480,2026-06-19T11:58:36.277837Z,2026-06-19T11:58:36.277837Z
TRG03,2027,06,1449-01-07,1812749520,1812750120,1812754620,1812756120,1812777060,1812789420,1812799320,1812803880,2026-06-19T11:58:36.277837Z,2026-06-19T11:58:36.277837Z
TRG03,2027,06,1449-01-08,1812835920,1812836520,1812841020,1812842520,1812863460,1812875820,1812885780,1812890280,2026-06-19T11:58:36.277837Z,2026-06-19T11:58:36.277837Z
TRG03,2027,06,1449-01-09,1812922320,1812922920,1812927420,1812928920,1812949920,1812962280,1812972180,1812976740,2026-06-19T11:58:36.277837Z,2026-06-19T11:58:36.277837Z
TRG03,2027,06,1449-01-10,1813008780,1813009380,1813013880,1813015380,1813036320,1813048680,1813058580,1813063140,2026-06-19T11:58:36.277837Z,2026-06-19T11:58:36.277837Z
TRG03,2027,06,1449-01-11,1813095180,1813095780,1813100280,1813101780,1813122720,1813135080,1813144980,1813149540,2026-06-19T11:58:36.277837Z,2026-06-19T11:58:36.277837Z
TRG03,2027,06,1449-01-12,1813181580,1813182180,1813186680,1813188180,1813209120,1813221480,1813231440,1813236000,2026-06-19T11:58:36.277837Z,2026-06-19T11:58:36.277837Z
TRG03,2027,06,1449-01-13,1813267980,1813268580,1813273080,1813274580,1813295520,1813307940,1813317840,1813322400,2026-06-19T11:58:36.277837Z,2026-06-19T11:58:36.277837Z
TRG03,2027,06,1449-01-14,1813354380,1813354980,1813359480,1813360980,1813381980,1813394340,1813404240,1813408800,2026-06-19T11:58:36.277837Z,2026-06-19T11:58:36.277837Z
TRG03,2027,06,1449-01-15,1813440840,1813441440,1813445940,1813447440,1813468380,1813480740,1813490640,1813495200,2026-06-19T11:58:36.277837Z,2026-06-19T11:58:36.277837Z
TRG03,2027,06,1449-01-16,1813527240,1813527840,1813532340,1813533840,1813554780,1813567140,1813577040,1813581600,2026-06-19T11:58:36.277837Z,2026-06-19T11:58:36.277837Z
TRG03,2027,06,1449-01-17,1813613640,1813614240,1813618740,1813620240,1813641180,1813653540,1813663500,1813668060,2026-06-19T11:58:36.277837Z,2026-06-19T11:58:36.277837Z
TRG03,2027,06,1449-01-18,1813700040,1813700640,1813705140,1813706640,1813727640,1813740000,1813749900,1813754460,2026-06-19T11:58:36.277837Z,2026-06-19T11:58:36.277837Z
TRG03,2027,06,1449-01-19,1813786440,1813787040,1813791540,1813793040,1813814040,1813826400,1813836300,1813840860,2026-06-19T11:58:36.277837Z,2026-06-19T11:58:36.277837Z
TRG03,2027,06,1449-01-20,1813872900,1813873500,1813878000,1813879500,1813900440,1813912800,1813922700,1813927260,2026-06-19T11:58:36.277837Z,2026-06-19T11:58:36.277837Z
TRG03,2027,06,1449-01-21,1813959300,1813959900,1813964400,1813965900,1813986840,1813999200,1814009100,1814013660,2026-06-19T11:58:36.277837Z,2026-06-19T11:58:36.277837Z
TRG03,2027,06,1449-01-22,1814045700,1814046300,1814050800,1814052300,1814073240,1814085600,1814095560,1814100120,2026-06-19T11:58:36.277837Z,2026-06-19T11:58:36.277837Z
TRG03,2027,06,1449-01-23,1814132100,1814132700,1814137200,1814138700,1814159700,1814172060,1814181960,1814186520,2026-06-19T11:58:36.277837Z,2026-06-19T11:58:36.277837Z
TRG03,2027,06,1449-01-24,1814218560,1814219160,1814223660,1814225160,1814246100,1814258460,1814268360,1814272920,2026-06-19T11:58:36.277837Z,2026-06-19T11:58:36.277837Z
TRG03,2027,06,1449-01-25,1814304960,1814305560,1814310060,1814311560,1814332500,1814344860,1814354760,1814359320,2026-06-19T11:58:36.277837Z,2026-06-19T11:58:36.277837Z
TRG03,2027,07,1449-01-26,1814391360,1814391960,1814396460,1814397960,1814418900,1814431260,1814441160,1814445720,2026-06-19T11:58:36.277837Z,2026-06-19T11:58:36.277837Z
TRG03,2027,07,1449-01-27,1814477760,1814478360,1814482860,1814484360,1814505300,1814517660,1814527620,1814532120,2026-06-19T11:58:36.277837Z,2026-06-19T11:58:36.277837Z
TRG03,2027,07,1449-01-28,1814564220,1814564820,1814569260,1814570760,1814591760,1814604060,1814614020,1814618520,2026-06-19T11:58:36.277837Z,2026-06-19T11:58:36.277837Z
TRG03,2027,07,1449-01-29,1814650620,1814651220,1814655720,1814657220,1814678160,1814690460,1814700420,1814704920,2026-06-19T11:58:36.277837Z,2026-06-19T11:58:36.277837Z
TRG03,2027,07,1449-01-30,1814737020,1814737620,1814742120,1814743620,1814764560,1814776920,1814786820,1814791380,2026-06-19T11:58:36.277837Z,2026-06-19T11:58:36.277837Z
TRG03,2027,07,1449-02-01,1814823420,1814824020,1814828520,1814830020,1814850960,1814863320,1814873220,1814877780,2026-06-19T11:58:36.277837Z,2026-06-19T11:58:36.277837Z
TRG03,2027,07,1449-02-02,1814909880,1814910480,1814914920,1814916420,1814937360,1814949720,1814959620,1814964180,2026-06-19T11:58:36.277837Z,2026-06-19T11:58:36.277837Z
TRG03,2027,07,1449-02-03,1814996280,1814996880,1815001320,1815002820,1815023760,1815036120,1815046020,1815050580,2026-06-19T11:58:36.277837Z,2026-06-19T11:58:36.277837Z
TRG03,2027,07,1449-02-04,1815082680,1815083280,1815087780,1815089280,1815110220,1815122520,1815132420,1815136980,2026-06-19T11:58:36.277837Z,2026-06-19T11:58:36.277837Z
TRG03,2027,07,1449-02-05,1815169140,1815169740,1815174180,1815175680,1815196620,1815208920,1815218880,1815223380,2026-06-19T11:58:36.277837Z,2026-06-19T11:58:36.277837Z
TRG03,2027,07,1449-02-06,1815255540,1815256140,1815260580,1815262080,1815283020,1815295320,1815305280,1815309780,2026-06-19T11:58:36.277837Z,2026-06-19T11:58:36.277837Z
TRG03,2027,07,1449-02-07,1815341940,1815342540,1815346980,1815348480,1815369420,1815381720,1815391680,1815396180,2026-06-19T11:58:36.277837Z,2026-06-19T11:58:36.277837Z
TRG03,2027,07,1449-02-08,1815428340,1815428940,1815433380,1815434880,1815455820,1815468120,1815478080,1815482580,2026-06-19T11:58:36.277837Z,2026-06-19T11:58:36.277837Z
TRG03,2027,07,1449-02-09,1815514800,1815515400,1815519840,1815521340,1815542220,1815554520,1815564480,1815568980,2026-06-19T11:58:36.277837Z,2026-06-19T11:58:36.277837Z
TRG03,2027,07,1449-02-10,1815601200,1815601800,1815606240,1815607740,1815628620,1815640920,1815650880,1815655380,2026-06-19T11:58:36.277837Z,2026-06-19T11:58:36.277837Z
TRG03,2027,07,1449-02-11,1815687600,1815688200,1815692640,1815694140,1815715080,1815727320,1815737280,1815741780,2026-06-19T11:58:36.277837Z,2026-06-19T11:58:36.277837Z
TRG03,2027,07,1449-02-12,1815774000,1815774600,1815779040,1815780540,1815801480,1815813720,1815823680,1815828180,2026-06-19T11:58:36.277837Z,2026-06-19T11:58:36.277837Z
TRG03,2027,07,1449-02-13,1815860460,1815861060,1815865440,1815866940,1815887880,1815900120,1815910080,1815914520,2026-06-19T11:58:36.277837Z,2026-06-19T11:58:36.277837Z
TRG03,2027,07,1449-02-14,1815946860,1815947460,1815951840,1815953340,1815974280,1815986460,1815996480,1816000920,2026-06-19T11:58:36.277837Z,2026-06-19T11:58:36.277837Z
TRG03,2027,07,1449-02-15,1816033260,1816033860,1816038300,1816039800,1816060680,1816072860,1816082880,1816087320,2026-06-19T11:58:36.277837Z,2026-06-19T11:58:36.277837Z
TRG03,2027,07,1449-02-16,1816119660,1816120260,1816124700,1816126200,1816147080,1816159260,1816169280,1816173720,2026-06-19T11:58:36.277837Z,2026-06-19T11:58:36.277837Z
TRG03,2027,07,1449-02-17,1816206120,1816206720,1816211100,1816212600,1816233480,1816245660,1816255680,1816260120,2026-06-19T11:58:36.277837Z,2026-06-19T11:58:36.277837Z
TRG03,2027,07,1449-02-18,1816292520,1816293120,1816297500,1816299000,1816319880,1816332060,1816342080,1816346520,2026-06-19T11:58:36.277837Z,2026-06-19T11:58:36.277837Z
TRG03,2027,07,1449-02-19,1816378920,1816379520,1816383900,1816385400,1816406280,1816418460,1816428480,1816432920,2026-06-19T11:58:36.277837Z,2026-06-19T11:58:36.277837Z
TRG03,2027,07,1449-02-20,1816465320,1816465920,1816470300,1816471800,1816492680,1816504800,1816514880,1816519260,2026-06-19T11:58:36.277837Z,2026-06-19T11:58:36.277837Z
TRG03,2027,07,1449-02-21,1816551720,1816552320,1816556700,1816558200,1816579080,1816591200,1816601280,1816605660,2026-06-19T11:58:36.277837Z,2026-06-19T11:58:36.277837Z
TRG03,2027,07,1449-02-22,1816638180,1816638780,1816643100,1816644600,1816665480,1816677600,1816687620,1816692060,2026-06-19T11:58:36.277837Z,2026-06-19T11:58:36.277837Z
TRG03,2027,07,1449-02-23,1816724580,1816725180,1816729500,1816731000,1816751880,1816764000,1816774020,1816778460,2026-06-19T11:58:36.277837Z,2026-06-19T11:58:36.277837Z
TRG03,2027,07,1449-02-24,1816810980,1816811580,1816815960,1816817460,1816838280,1816850340,1816860420,1816864860,2026-06-19T11:58:36.277837Z,2026-06-19T11:58:36.277837Z
TRG03,2027,07,1449-02-25,1816897380,1816897980,1816902360,1816903860,1816924680,1816936740,1816946820,1816951200,2026-06-19T11:58:36.277837Z,2026-06-19T11:58:36.277837Z
TRG03,2027,07,1449-02-26,1816983780,1816984380,1816988760,1816990260,1817011080,1817023140,1817033220,1817037600,2026-06-19T11:58:36.277837Z,2026-06-19T11:58:36.277837Z
TRG03,2027,08,1449-02-27,1817070240,1817070840,1817075160,1817076660,1817097480,1817109480,1817119620,1817124000,2026-06-19T11:58:36.277837Z,2026-06-19T11:58:36.277837Z
TRG03,2027,08,1449-02-28,1817156640,1817157240,1817161560,1817163060,1817183880,1817195880,1817206020,1817210400,2026-06-19T11:58:36.277837Z,2026-06-19T11:58:36.277837Z
TRG03,2027,08,1449-02-29,1817243040,1817243640,1817247960,1817249460,1817270280,1817282280,1817292360,1817296740,2026-06-19T11:58:36.277837Z,2026-06-19T11:58:36.277837Z
TRG03,2027,08,1449-03-01,1817329440,1817330040,1817334360,1817335860,1817356680,1817368620,1817378760,1817383140,2026-06-19T11:58:36.277837Z,2026-06-19T11:58:36.277837Z
TRG03,2027,08,1449-03-02,1817415840,1817416440,1817420760,1817422260,1817443080,1817455020,1817465160,1817469540,2026-06-19T11:58:36.277837Z,2026-06-19T11:58:36.277837Z
TRG03,2027,08,1449-03-03,1817502240,1817502840,1817507160,1817508660,1817529420,1817541420,1817551560,1817555880,2026-06-19T11:58:36.277837Z,2026-06-19T11:58:36.277837Z
TRG03,2027,08,1449-03-04,1817588640,1817589240,1817593560,1817595060,1817615820,1817627760,1817637960,1817642280,2026-06-19T11:58:36.277837Z,2026-06-19T11:58:36.277837Z
TRG03,2027,08,1449-03-05,1817675040,1817675640,1817679960,1817681460,1817702220,1817714160,1817724300,1817728680,2026-06-19T11:58:36.277837Z,2026-06-19T11:58:36.277837Z
TRG03,2027,08,1449-03-06,1817761500,1817762100,1817766360,1817767860,1817788620,1817800500,1817810700,1817815020,2026-06-19T11:58:36.277837Z,2026-06-19T11:58:36.277837Z
TRG03,2027,08,1449-03-07,1817847900,1817848500,1817852760,1817854260,1817875020,1817886900,1817897100,1817901420,2026-06-19T11:58:36.277837Z,2026-06-19T11:58:36.277837Z
TRG03,2027,08,1449-03-08,1817934300,1817934900,1817939160,1817940660,1817961420,1817973240,1817983500,1817987820,2026-06-19T11:58:36.277837Z,2026-06-19T11:58:36.277837Z
TRG03,2027,08,1449-03-09,1818020700,1818021300,1818025560,1818027060,1818047820,1818059580,1818069840,1818074160,2026-06-19T11:58:36.277837Z,2026-06-19T11:58:36.277837Z
TRG03,2027,08,1449-03-10,1818107100,1818107700,1818111960,1818113460,1818134160,1818145980,1818156240,1818160560,2026-06-19T11:58:36.277837Z,2026-06-19T11:58:36.277837Z
TRG03,2027,08,1449-03-11,1818193500,1818194100,1818198360,1818199860,1818220560,1818232320,1818242640,1818246900,2026-06-19T11:58:36.277837Z,2026-06-19T11:58:36.277837Z
TRG03,2027,08,1449-03-12,1818279900,1818280500,1818284700,1818286200,1818306960,1818318720,1818328980,1818333300,2026-06-19T11:58:36.277837Z,2026-06-19T11:58:36.277837Z
TRG03,2027,08,1449-03-13,1818366300,1818366900,1818371100,1818372600,1818393360,1818405060,1818415380,1818419640,2026-06-19T11:58:36.277837Z,2026-06-19T11:58:36.277837Z
TRG03,2027,08,1449-03-14,1818452700,1818453300,1818457500,1818459000,1818479760,1818491400,1818501780,1818506040,2026-06-19T11:58:36.277837Z,2026-06-19T11:58:36.277837Z
TRG03,2027,08,1449-03-15,1818539100,1818539700,1818543900,1818545400,1818566100,1818577800,1818588120,1818592440,2026-06-19T11:58:36.277837Z,2026-06-19T11:58:36.277837Z
TRG03,2027,08,1449-03-16,1818625500,1818626100,1818630300,1818631800,1818652500,1818664140,1818674520,1818678780,2026-06-19T11:58:36.277837Z,2026-06-19T11:58:36.277837Z
TRG03,2027,08,1449-03-17,1818711900,1818712500,1818716700,1818718200,1818738900,1818750480,1818760920,1818765180,2026-06-19T11:58:36.277837Z,2026-06-19T11:58:36.277837Z
TRG03,2027,08,1449-03-18,1818798300,1818798900,1818803100,1818804600,1818825300,1818836820,1818847260,1818851520,2026-06-19T11:58:36.277837Z,2026-06-19T11:58:36.277837Z
TRG03,2027,08,1449-03-19,1818884700,1818885300,1818889500,1818891000,1818911640,1818923220,1818933660,1818937920,2026-06-19T11:58:36.277837Z,2026-06-19T11:58:36.277837Z
TRG03,2027,08,1449-03-20,1818971100,1818971700,1818975900,1818977400,1818998040,1819009560,1819020060,1819024260,2026-06-19T11:58:36.277837Z,2026-06-19T11:58:36.277837Z
TRG03,2027,08,1449-03-21,1819057500,1819058100,1819062240,1819063740,1819084440,1819095900,1819106400,1819110660,2026-06-19T11:58:36.277837Z,2026-06-19T11:58:36.277837Z
TRG03,2027,08,1449-03-22,1819143900,1819144500,1819148640,1819150140,1819170840,1819182240,1819192800,1819197000,2026-06-19T11:58:36.277837Z,2026-06-19T11:58:36.277837Z
TRG03,2027,08,1449-03-23,1819230300,1819230900,1819235040,1819236540,1819257180,1819268580,1819279140,1819283400,2026-06-19T11:58:36.277837Z,2026-06-19T11:58:36.277837Z
TRG03,2027,08,1449-03-24,1819316700,1819317300,1819321440,1819322940,1819343580,1819354980,1819365540,1819369740,2026-06-19T11:58:36.277837Z,2026-06-19T11:58:36.277837Z
TRG03,2027,08,1449-03-25,1819403100,1819403700,1819407840,1819409340,1819429980,1819441320,1819451940,1819456140,2026-06-19T11:58:36.277837Z,2026-06-19T11:58:36.277837Z
TRG03,2027,08,1449-03-26,1819489500,1819490100,1819494240,1819495740,1819516380,1819527660,1819538280,1819542480,2026-06-19T11:58:36.277837Z,2026-06-19T11:58:36.277837Z
TRG03,2027,08,1449-03-27,1819575840,1819576440,1819580640,1819582140,1819602720,1819614000,1819624680,1819628880,2026-06-19T11:58:36.277837Z,2026-06-19T11:58:36.277837Z
TRG03,2027,08,1449-03-28,1819662240,1819662840,1819666980,1819668480,1819689120,1819700340,1819711020,1819715220,2026-06-19T11:58:36.277837Z,2026-06-19T11:58:36.277837Z
TRG03,2027,09,1449-03-29,1819748640,1819749240,1819753380,1819754880,1819775520,1819786680,1819797420,1819801620,2026-06-19T11:58:36.277837Z,2026-06-19T11:58:36.277837Z
TRG03,2027,09,1449-04-01,1819835040,1819835640,1819839780,1819841280,1819861860,1819873020,1819883760,1819887960,2026-06-19T11:58:36.277837Z,2026-06-19T11:58:36.277837Z
TRG03,2027,09,1449-04-02,1819921440,1819922040,1819926180,1819927680,1819948260,1819959360,1819970160,1819974360,2026-06-19T11:58:36.277837Z,2026-06-19T11:58:36.277837Z
TRG03,2027,09,1449-04-03,1820007840,1820008440,1820012580,1820014080,1820034660,1820045700,1820056500,1820060700,2026-06-19T11:58:36.277837Z,2026-06-19T11:58:36.277837Z
TRG03,2027,09,1449-04-04,1820094240,1820094840,1820098920,1820100420,1820121000,1820132040,1820142900,1820147100,2026-06-19T11:58:36.277837Z,2026-06-19T11:58:36.277837Z
TRG03,2027,09,1449-04-05,1820180640,1820181240,1820185320,1820186820,1820207400,1820218380,1820229300,1820233440,2026-06-19T11:58:36.277837Z,2026-06-19T11:58:36.277837Z
TRG03,2027,09,1449-04-06,1820267040,1820267640,1820271720,1820273220,1820293800,1820304720,1820315640,1820319840,2026-06-19T11:58:36.277837Z,2026-06-19T11:58:36.277837Z
TRG03,2027,09,1449-04-07,1820353380,1820353980,1820358120,1820359620,1820380140,1820391060,1820402040,1820406180,2026-06-19T11:58:36.277837Z,2026-06-19T11:58:36.277837Z
TRG03,2027,09,1449-04-08,1820439780,1820440380,1820444520,1820446020,1820466540,1820477340,1820488380,1820492520,2026-06-19T11:58:36.277837Z,2026-06-19T11:58:36.277837Z
TRG03,2027,09,1449-04-09,1820526180,1820526780,1820530860,1820532360,1820552940,1820563680,1820574780,1820578920,2026-06-19T11:58:36.277837Z,2026-06-19T11:58:36.277837Z
TRG03,2027,09,1449-04-10,1820612580,1820613180,1820617260,1820618760,1820639280,1820650140,1820661120,1820665260,2026-06-19T11:58:36.277837Z,2026-06-19T11:58:36.277837Z
TRG03,2027,09,1449-04-11,1820698980,1820699580,1820703660,1820705160,1820725680,1820736540,1820747520,1820751660,2026-06-19T11:58:36.277837Z,2026-06-19T11:58:36.277837Z
TRG03,2027,09,1449-04-12,1820785380,1820785980,1820790060,1820791560,1820812080,1820822940,1820833860,1820838000,2026-06-19T11:58:36.277837Z,2026-06-19T11:58:36.277837Z
TRG03,2027,09,1449-04-13,1820871720,1820872320,1820876460,1820877960,1820898420,1820909400,1820920260,1820924400,2026-06-19T11:58:36.277837Z,2026-06-19T11:58:36.277837Z
TRG03,2027,09,1449-04-14,1820958120,1820958720,1820962800,1820964300,1820984820,1820995800,1821006600,1821010740,2026-06-19T11:58:36.277837Z,2026-06-19T11:58:36.277837Z
TRG03,2027,09,1449-04-15,1821044520,1821045120,1821049200,1821050700,1821071160,1821082200,1821093000,1821097140,2026-06-19T11:58:36.277837Z,2026-06-19T11:58:36.277837Z
TRG03,2027,09,1449-04-16,1821130920,1821131520,1821135600,1821137100,1821157560,1821168600,1821179340,1821183480,2026-06-19T11:58:36.277837Z,2026-06-19T11:58:36.277837Z
TRG03,2027,09,1449-04-17,1821217320,1821217920,1821222000,1821223500,1821243960,1821255060,1821265740,1821269880,2026-06-19T11:58:36.277837Z,2026-06-19T11:58:36.277837Z
TRG03,2027,09,1449-04-18,1821303660,1821304260,1821308340,1821309840,1821330300,1821341460,1821352080,1821356220,2026-06-19T11:58:36.277837Z,2026-06-19T11:58:36.277837Z
TRG03,2027,09,1449-04-19,1821390060,1821390660,1821394740,1821396240,1821416700,1821427860,1821438480,1821442620,2026-06-19T11:58:36.277837Z,2026-06-19T11:58:36.277837Z
TRG03,2027,09,1449-04-20,1821476460,1821477060,1821481140,1821482640,1821503100,1821514260,1821524820,1821528960,2026-06-19T11:58:36.277837Z,2026-06-19T11:58:36.277837Z
TRG03,2027,09,1449-04-21,1821562860,1821563460,1821567540,1821569040,1821589440,1821600720,1821611220,1821615360,2026-06-19T11:58:36.277837Z,2026-06-19T11:58:36.277837Z
TRG03,2027,09,1449-04-22,1821649260,1821649860,1821653940,1821655440,1821675840,1821687120,1821697560,1821701700,2026-06-19T11:58:36.277837Z,2026-06-19T11:58:36.277837Z
TRG03,2027,09,1449-04-23,1821735600,1821736200,1821740280,1821741780,1821762240,1821773520,1821783960,1821788100,2026-06-19T11:58:36.277837Z,2026-06-19T11:58:36.277837Z
TRG03,2027,09,1449-04-24,1821822000,1821822600,1821826680,1821828180,1821848580,1821859920,1821870300,1821874440,2026-06-19T11:58:36.277837Z,2026-06-19T11:58:36.277837Z
TRG03,2027,09,1449-04-25,1821908400,1821909000,1821913080,1821914580,1821934980,1821946320,1821956700,1821960840,2026-06-19T11:58:36.277837Z,2026-06-19T11:58:36.277837Z
TRG03,2027,09,1449-04-26,1821994800,1821995400,1821999480,1822000980,1822021380,1822032720,1822043040,1822047180,2026-06-19T11:58:36.277837Z,2026-06-19T11:58:36.277837Z
TRG03,2027,09,1449-04-27,1822081200,1822081800,1822085820,1822087320,1822107720,1822119180,1822129440,1822133580,2026-06-19T11:58:36.277837Z,2026-06-19T11:58:36.277837Z
TRG03,2027,09,1449-04-28,1822167540,1822168140,1822172220,1822173720,1822194120,1822205580,1822215780,1822219920,2026-06-19T11:58:36.277837Z,2026-06-19T11:58:36.277837Z
TRG03,2027,09,1449-04-29,1822253940,1822254540,1822258620,1822260120,1822280520,1822291980,1822302180,1822306320,2026-06-19T11:58:36.277837Z,2026-06-19T11:58:36.277837Z
TRG03,2027,10,1449-04-30,1822340340,1822340940,1822345020,1822346520,1822366860,1822378380,1822388520,1822392660,2026-06-19T11:58:36.277837Z,2026-06-19T11:58:36.277837Z
TRG03,2027,10,1449-05-01,1822426740,1822427340,1822431420,1822432920,1822453260,1822464780,1822474920,1822479060,2026-06-19T11:58:36.277837Z,2026-06-19T11:58:36.277837Z
TRG03,2027,10,1449-05-02,1822513140,1822513740,1822517820,1822519320,1822539660,1822551180,1822561320,1822565460,2026-06-19T11:58:36.277837Z,2026-06-19T11:58:36.277837Z
TRG03,2027,10,1449-05-03,1822599480,1822600080,1822604160,1822605660,1822626000,1822637580,1822647660,1822651800,2026-06-19T11:58:36.277837Z,2026-06-19T11:58:36.277837Z
TRG03,2027,10,1449-05-04,1822685880,1822686480,1822690560,1822692060,1822712400,1822723980,1822734060,1822738200,2026-06-19T11:58:36.277837Z,2026-06-19T11:58:36.277837Z
TRG03,2027,10,1449-05-05,1822772280,1822772880,1822776960,1822778460,1822798800,1822810380,1822820400,1822824540,2026-06-19T11:58:36.277837Z,2026-06-19T11:58:36.277837Z
TRG03,2027,10,1449-05-06,1822858680,1822859280,1822863360,1822864860,1822885140,1822896840,1822906800,1822910940,2026-06-19T11:58:36.277837Z,2026-06-19T11:58:36.277837Z
TRG03,2027,10,1449-05-07,1822945080,1822945680,1822949760,1822951260,1822971540,1822983240,1822993140,1822997340,2026-06-19T11:58:36.277837Z,2026-06-19T11:58:36.277837Z
TRG03,2027,10,1449-05-08,1823031420,1823032020,1823036160,1823037660,1823057940,1823069640,1823079540,1823083680,2026-06-19T11:58:36.277837Z,2026-06-19T11:58:36.277837Z
TRG03,2027,10,1449-05-09,1823117820,1823118420,1823122500,1823124000,1823144340,1823156040,1823165940,1823170080,2026-06-19T11:58:36.277837Z,2026-06-19T11:58:36.277837Z
TRG03,2027,10,1449-05-10,1823204220,1823204820,1823208900,1823210400,1823230680,1823242440,1823252280,1823256420,2026-06-19T11:58:36.277837Z,2026-06-19T11:58:36.277837Z
TRG03,2027,10,1449-05-11,1823290620,1823291220,1823295300,1823296800,1823317080,1823328840,1823338680,1823342820,2026-06-19T11:58:36.277837Z,2026-06-19T11:58:36.277837Z
TRG03,2027,10,1449-05-12,1823377020,1823377620,1823381700,1823383200,1823403480,1823415240,1823425020,1823429220,2026-06-19T11:58:36.277837Z,2026-06-19T11:58:36.277837Z
TRG03,2027,10,1449-05-13,1823463360,1823463960,1823468100,1823469600,1823489880,1823501640,1823511420,1823515620,2026-06-19T11:58:36.277837Z,2026-06-19T11:58:36.277837Z
TRG03,2027,10,1449-05-14,1823549760,1823550360,1823554500,1823556000,1823576220,1823588040,1823597820,1823601960,2026-06-19T11:58:36.277837Z,2026-06-19T11:58:36.277837Z
TRG03,2027,10,1449-05-15,1823636160,1823636760,1823640900,1823642400,1823662620,1823674440,1823684160,1823688360,2026-06-19T11:58:36.277837Z,2026-06-19T11:58:36.277837Z
TRG03,2027,10,1449-05-16,1823722560,1823723160,1823727300,1823728800,1823749020,1823760840,1823770560,1823774760,2026-06-19T11:58:36.277837Z,2026-06-19T11:58:36.277837Z
TRG03,2027,10,1449-05-17,1823808960,1823809560,1823813700,1823815200,1823835420,1823847240,1823856960,1823861100,2026-06-19T11:58:36.277837Z,2026-06-19T11:58:36.277837Z
TRG03,2027,10,1449-05-18,1823895360,1823895960,1823900040,1823901540,1823921760,1823933640,1823943300,1823947500,2026-06-19T11:58:36.277837Z,2026-06-19T11:58:36.277837Z
TRG03,2027,10,1449-05-19,1823981760,1823982360,1823986440,1823987940,1824008160,1824020040,1824029700,1824033900,2026-06-19T11:58:36.277837Z,2026-06-19T11:58:36.277837Z
TRG03,2027,10,1449-05-20,1824068100,1824068700,1824072840,1824074340,1824094560,1824106440,1824116100,1824120300,2026-06-19T11:58:36.277837Z,2026-06-19T11:58:36.277837Z
TRG03,2027,10,1449-05-21,1824154500,1824155100,1824159240,1824160740,1824180960,1824192840,1824202440,1824206640,2026-06-19T11:58:36.277837Z,2026-06-19T11:58:36.277837Z
TRG03,2027,10,1449-05-22,1824240900,1824241500,1824245640,1824247140,1824267360,1824279240,1824288840,1824293040,2026-06-19T11:58:36.277837Z,2026-06-19T11:58:36.277837Z
TRG03,2027,10,1449-05-23,1824327300,1824327900,1824332040,1824333540,1824353760,1824365700,1824375240,1824379440,2026-06-19T11:58:36.277837Z,2026-06-19T11:58:36.277837Z
TRG03,2027,10,1449-05-24,1824413700,1824414300,1824418440,1824419940,1824440160,1824452100,1824461640,1824465840,2026-06-19T11:58:36.277837Z,2026-06-19T11:58:36.277837Z
TRG03,2027,10,1449-05-25,1824500100,1824500700,1824504840,1824506340,1824526500,1824538500,1824547980,1824552240,2026-06-19T11:58:36.277837Z,2026-06-19T11:58:36.277837Z
TRG03,2027,10,1449-05-26,1824586500,1824587100,1824591240,1824592740,1824612900,1824624900,1824634380,1824638640,2026-06-19T11:58:36.277837Z,2026-06-19T11:58:36.277837Z
TRG03,2027,10,1449-05-27,1824672900,1824673500,1824677640,1824679140,1824699300,1824711300,1824720780,1824725040,2026-06-19T11:58:36.277837Z,2026-06-19T11:58:36.277837Z
TRG03,2027,10,1449-05-28,1824759300,1824759900,1824764040,1824765540,1824785700,1824797700,1824807180,1824811380,2026-06-19T11:58:36.277837Z,2026-06-19T11:58:36.277837Z
TRG03,2027,10,1449-05-29,1824845700,1824846300,1824850440,1824851940,1824872100,1824884100,1824893580,1824897780,2026-06-19T11:58:36.277837Z,2026-06-19T11:58:36.277837Z
TRG03,2027,10,1449-06-01,1824932100,1824932700,1824936900,1824938400,1824958500,1824970500,1824979920,1824984180,2026-06-19T11:58:36.277837Z,2026-06-19T11:58:36.277837Z
TRG03,2027,11,1449-06-02,1825018500,1825019100,1825023300,1825024800,1825044900,1825056900,1825066320,1825070580,2026-06-19T11:58:36.277837Z,2026-06-19T11:58:36.277837Z
TRG03,2027,11,1449-06-03,1825104900,1825105500,1825109700,1825111200,1825131300,1825143300,1825152720,1825156980,2026-06-19T11:58:36.277837Z,2026-06-19T11:58:36.277837Z
TRG03,2027,11,1449-06-04,1825191300,1825191900,1825196100,1825197600,1825217700,1825229700,1825239120,1825243380,2026-06-19T11:58:36.277837Z,2026-06-19T11:58:36.277837Z
TRG03,2027,11,1449-06-05,1825277700,1825278300,1825282500,1825284000,1825304100,1825316160,1825325520,1825329780,2026-06-19T11:58:36.277837Z,2026-06-19T11:58:36.277837Z
TRG03,2027,11,1449-06-06,1825364100,1825364700,1825368900,1825370400,1825390500,1825402560,1825411920,1825416180,2026-06-19T11:58:36.277837Z,2026-06-19T11:58:36.277837Z
TRG03,2027,11,1449-06-07,1825450500,1825451100,1825455300,1825456800,1825476900,1825488960,1825498320,1825502580,2026-06-19T11:58:36.277837Z,2026-06-19T11:58:36.277837Z
TRG03,2027,11,1449-06-08,1825536900,1825537500,1825541700,1825543200,1825563300,1825575360,1825584720,1825588980,2026-06-19T11:58:36.277837Z,2026-06-19T11:58:36.277837Z
TRG03,2027,11,1449-06-09,1825623300,1825623900,1825628160,1825629660,1825649700,1825661760,1825671120,1825675380,2026-06-19T11:58:36.277837Z,2026-06-19T11:58:36.277837Z
TRG03,2027,11,1449-06-10,1825709700,1825710300,1825714560,1825716060,1825736100,1825748160,1825757520,1825761780,2026-06-19T11:58:36.277837Z,2026-06-19T11:58:36.277837Z
TRG03,2027,11,1449-06-11,1825796100,1825796700,1825800960,1825802460,1825822500,1825834560,1825843920,1825848180,2026-06-19T11:58:36.277837Z,2026-06-19T11:58:36.277837Z
TRG03,2027,11,1449-06-12,1825882500,1825883100,1825887360,1825888860,1825908900,1825921020,1825930320,1825934640,2026-06-19T11:58:36.277837Z,2026-06-19T11:58:36.277837Z
TRG03,2027,11,1449-06-13,1825968900,1825969500,1825973760,1825975260,1825995360,1826007420,1826016720,1826021040,2026-06-19T11:58:36.277837Z,2026-06-19T11:58:36.277837Z
TRG03,2027,11,1449-06-14,1826055300,1826055900,1826060220,1826061720,1826081760,1826093820,1826103120,1826107440,2026-06-19T11:58:36.277837Z,2026-06-19T11:58:36.277837Z
TRG03,2027,11,1449-06-15,1826141700,1826142300,1826146620,1826148120,1826168160,1826180220,1826189520,1826193840,2026-06-19T11:58:36.277837Z,2026-06-19T11:58:36.277837Z
TRG03,2027,11,1449-06-16,1826228160,1826228760,1826233020,1826234520,1826254560,1826266620,1826275920,1826280240,2026-06-19T11:58:36.277837Z,2026-06-19T11:58:36.277837Z
TRG03,2027,11,1449-06-17,1826314560,1826315160,1826319420,1826320920,1826340960,1826353080,1826362320,1826366640,2026-06-19T11:58:36.277837Z,2026-06-19T11:58:36.277837Z
TRG03,2027,11,1449-06-18,1826400960,1826401560,1826405880,1826407380,1826427360,1826439480,1826448720,1826453100,2026-06-19T11:58:36.277837Z,2026-06-19T11:58:36.277837Z
TRG03,2027,11,1449-06-19,1826487360,1826487960,1826492280,1826493780,1826513760,1826525880,1826535120,1826539500,2026-06-19T11:58:36.277837Z,2026-06-19T11:58:36.277837Z
TRG03,2027,11,1449-06-20,1826573760,1826574360,1826578680,1826580180,1826600220,1826612280,1826621520,1826625900,2026-06-19T11:58:36.277837Z,2026-06-19T11:58:36.277837Z
TRG03,2027,11,1449-06-21,1826660160,1826660760,1826665080,1826666580,1826686620,1826698740,1826707920,1826712300,2026-06-19T11:58:36.277837Z,2026-06-19T11:58:36.277837Z
TRG03,2027,11,1449-06-22,1826746620,1826747220,1826751540,1826753040,1826773020,1826785140,1826794320,1826798700,2026-06-19T11:58:36.277837Z,2026-06-19T11:58:36.277837Z
TRG03,2027,11,1449-06-23,1826833020,1826833620,1826837940,1826839440,1826859420,1826871540,1826880780,1826885160,2026-06-19T11:58:36.277837Z,2026-06-19T11:58:36.277837Z
TRG03,2027,11,1449-06-24,1826919420,1826920020,1826924340,1826925840,1826945880,1826957940,1826967180,1826971560,2026-06-19T11:58:36.277837Z,2026-06-19T11:58:36.277837Z
TRG03,2027,11,1449-06-25,1827005820,1827006420,1827010800,1827012300,1827032280,1827044400,1827053580,1827057960,2026-06-19T11:58:36.277837Z,2026-06-19T11:58:36.277837Z
TRG03,2027,11,1449-06-26,1827092280,1827092880,1827097200,1827098700,1827118680,1827130800,1827139980,1827144420,2026-06-19T11:58:36.277837Z,2026-06-19T11:58:36.277837Z
TRG03,2027,11,1449-06-27,1827178680,1827179280,1827183660,1827185160,1827205140,1827217200,1827226380,1827230820,2026-06-19T11:58:36.277837Z,2026-06-19T11:58:36.277837Z
TRG03,2027,11,1449-06-28,1827265080,1827265680,1827270060,1827271560,1827291540,1827303660,1827312840,1827317220,2026-06-19T11:58:36.277837Z,2026-06-19T11:58:36.277837Z
TRG03,2027,11,1449-06-29,1827351540,1827352140,1827356460,1827357960,1827377940,1827390060,1827399240,1827403680,2026-06-19T11:58:36.277837Z,2026-06-19T11:58:36.277837Z
TRG03,2027,11,1449-06-30,1827437940,1827438540,1827442920,1827444420,1827464400,1827476460,1827485640,1827490080,2026-06-19T11:58:36.277837Z,2026-06-19T11:58:36.277837Z
TRG03,2027,11,1449-07-01,1827524340,1827524940,1827529320,1827530820,1827550800,1827562920,1827572040,1827576480,2026-06-19T11:58:36.277837Z,2026-06-19T11:58:36.277837Z
TRG03,2027,12,1449-07-02,1827610800,1827611400,1827615780,1827617280,1827637200,1827649320,1827658500,1827662940,2026-06-19T11:58:36.277837Z,2026-06-19T11:58:36.277837Z
TRG03,2027,12,1449-07-03,1827697200,1827697800,1827702180,1827703680,1827723660,1827735720,1827744900,1827749340,2026-06-19T11:58:36.277837Z,2026-06-19T11:58:36.277837Z
TRG03,2027,12,1449-07-04,1827783600,1827784200,1827788580,1827790080,1827810060,1827822180,1827831300,1827835800,2026-06-19T11:58:36.277837Z,2026-06-19T11:58:36.277837Z
TRG03,2027,12,1449-07-05,1827870060,1827870660,1827875040,1827876540,1827896460,1827908580,1827917760,1827922200,2026-06-19T11:58:36.277837Z,2026-06-19T11:58:36.277837Z
TRG03,2027,12,1449-07-06,1827956460,1827957060,1827961440,1827962940,1827982920,1827995040,1828004160,1828008600,2026-06-19T11:58:36.277837Z,2026-06-19T11:58:36.277837Z
TRG03,2027,12,1449-07-07,1828042860,1828043460,1828047900,1828049400,1828069320,1828081440,1828090560,1828095060,2026-06-19T11:58:36.277837Z,2026-06-19T11:58:36.277837Z
TRG03,2027,12,1449-07-08,1828129320,1828129920,1828134300,1828135800,1828155780,1828167840,1828177020,1828181460,2026-06-19T11:58:36.277837Z,2026-06-19T11:58:36.277837Z
TRG03,2027,12,1449-07-09,1828215720,1828216320,1828220760,1828222260,1828242180,1828254300,1828263420,1828267920,2026-06-19T11:58:36.277837Z,2026-06-19T11:58:36.277837Z
TRG03,2027,12,1449-07-10,1828302180,1828302780,1828307160,1828308660,1828328640,1828340700,1828349880,1828354320,2026-06-19T11:58:36.277837Z,2026-06-19T11:58:36.277837Z
TRG03,2027,12,1449-07-11,1828388580,1828389180,1828393620,1828395120,1828415040,1828427160,1828436280,1828440780,2026-06-19T11:58:36.277837Z,2026-06-19T11:58:36.277837Z
TRG03,2027,12,1449-07-12,1828475040,1828475640,1828480020,1828481520,1828501440,1828513560,1828522680,1828527180,2026-06-19T11:58:36.277837Z,2026-06-19T11:58:36.277837Z
TRG03,2027,12,1449-07-13,1828561440,1828562040,1828566480,1828567980,1828587900,1828600020,1828609140,1828613640,2026-06-19T11:58:36.277837Z,2026-06-19T11:58:36.277837Z
TRG03,2027,12,1449-07-14,1828647840,1828648440,1828652880,1828654380,1828674300,1828686420,1828695540,1828700040,2026-06-19T11:58:36.277837Z,2026-06-19T11:58:36.277837Z
TRG03,2027,12,1449-07-15,1828734300,1828734900,1828739340,1828740840,1828760760,1828772880,1828782000,1828786500,2026-06-19T11:58:36.277837Z,2026-06-19T11:58:36.277837Z
TRG03,2027,12,1449-07-16,1828820700,1828821300,1828825740,1828827240,1828847160,1828859280,1828868400,1828872900,2026-06-19T11:58:36.277837Z,2026-06-19T11:58:36.277837Z
TRG03,2027,12,1449-07-17,1828907160,1828907760,1828912200,1828913700,1828933620,1828945740,1828954860,1828959360,2026-06-19T11:58:36.277837Z,2026-06-19T11:58:36.277837Z
TRG03,2027,12,1449-07-18,1828993560,1828994160,1828998600,1829000100,1829020020,1829032140,1829041260,1829045760,2026-06-19T11:58:36.277837Z,2026-06-19T11:58:36.277837Z
TRG03,2027,12,1449-07-19,1829080020,1829080620,1829085060,1829086560,1829106480,1829118540,1829127720,1829132220,2026-06-19T11:58:36.277837Z,2026-06-19T11:58:36.277837Z
TRG03,2027,12,1449-07-20,1829166420,1829167020,1829171460,1829172960,1829192880,1829205000,1829214120,1829218620,2026-06-19T11:58:36.277837Z,2026-06-19T11:58:36.277837Z
TRG03,2027,12,1449-07-21,1829252880,1829253480,1829257920,1829259420,1829279340,1829291400,1829300580,1829305080,2026-06-19T11:58:36.277837Z,2026-06-19T11:58:36.277837Z
TRG03,2027,12,1449-07-22,1829339280,1829339880,1829344320,1829345820,1829365740,1829377860,1829386980,1829391480,2026-06-19T11:58:36.277837Z,2026-06-19T11:58:36.277837Z
TRG03,2027,12,1449-07-23,1829425740,1829426340,1829430780,1829432280,1829452200,1829464260,1829473440,1829477940,2026-06-19T11:58:36.277837Z,2026-06-19T11:58:36.277837Z
TRG03,2027,12,1449-07-24,1829512140,1829512740,1829517180,1829518680,1829538600,1829550720,1829559840,1829564340,2026-06-19T11:58:36.277837Z,2026-06-19T11:58:36.277837Z
TRG03,2027,12,1449-07-25,1829598600,1829599200,1829603640,1829605140,1829625060,1829637120,1829646300,1829650800,2026-06-19T11:58:36.277837Z,2026-06-19T11:58:36.277837Z
TRG03,2027,12,1449-07-26,1829685000,1829685600,1829690040,1829691540,1829711460,1829723580,1829732700,1829737200,2026-06-19T11:58:36.277837Z,2026-06-19T11:58:36.277837Z
TRG03,2027,12,1449-07-27,1829771460,1829772060,1829776500,1829778000,1829797920,1829809980,1829819160,1829823660,2026-06-19T11:58:36.277837Z,2026-06-19T11:58:36.277837Z
TRG03,2027,12,1449-07-28,1829857860,1829858460,1829862900,1829864400,1829884320,1829896440,1829905560,1829910060,2026-06-19T11:58:36.277837Z,2026-06-19T11:58:36.277837Z
TRG03,2027,12,1449-07-29,1829944320,1829944920,1829949360,1829950860,1829970780,1829982840,1829992020,1829996460,2026-06-19T11:58:36.277837Z,2026-06-19T11:58:36.277837Z
TRG03,2027,12,1449-08-01,1830030720,1830031320,1830035760,1830037260,1830057180,1830069300,1830078420,1830082920,2026-06-19T11:58:36.277837Z,2026-06-19T11:58:36.277837Z
TRG03,2027,12,1449-08-02,1830117180,1830117780,1830122220,1830123720,1830143640,1830155700,1830164880,1830169320,2026-06-19T11:58:36.277837Z,2026-06-19T11:58:36.277837Z
TRG03,2027,12,1449-08-03,1830203580,1830204180,1830208620,1830210120,1830230040,1830242160,1830251280,1830255780,2026-06-19T11:58:36.277837Z,2026-06-19T11:58:36.277837Z
TRG04,2027,01,1448-07-22,1798753920,1798754520,1798758900,1798760400,1798780380,1798792560,1798801680,1798806180,2026-06-19T11:58:36.522027Z,2026-06-19T11:58:36.522027Z
TRG04,2027,01,1448-07-23,1798840320,1798840920,1798845360,1798846860,1798866840,1798878960,1798888140,1798892580,2026-06-19T11:58:36.522027Z,2026-06-19T11:58:36.522027Z
TRG04,2027,01,1448-07-24,1798926780,1798927380,1798931760,1798933260,1798953240,1798965360,1798974540,1798979040,2026-06-19T11:58:36.522027Z,2026-06-19T11:58:36.522027Z
TRG04,2027,01,1448-07-25,1799013180,1799013780,1799018220,1799019720,1799039700,1799051820,1799061000,1799065440,2026-06-19T11:58:36.522027Z,2026-06-19T11:58:36.522027Z
TRG04,2027,01,1448-07-26,1799099640,1799100240,1799104620,1799106120,1799126100,1799138220,1799147400,1799151900,2026-06-19T11:58:36.522027Z,2026-06-19T11:58:36.522027Z
TRG04,2027,01,1448-07-27,1799186040,1799186640,1799191080,1799192580,1799212560,1799224680,1799233860,1799238300,2026-06-19T11:58:36.522027Z,2026-06-19T11:58:36.522027Z
TRG04,2027,01,1448-07-28,1799272500,1799273100,1799277480,1799278980,1799298960,1799311080,1799320260,1799324760,2026-06-19T11:58:36.522027Z,2026-06-19T11:58:36.522027Z
TRG04,2027,01,1448-07-29,1799358900,1799359500,1799363880,1799365380,1799385420,1799397540,1799406720,1799411160,2026-06-19T11:58:36.522027Z,2026-06-19T11:58:36.522027Z
TRG04,2027,01,1448-07-30,1799445300,1799445900,1799450340,1799451840,1799471820,1799483940,1799493120,1799497560,2026-06-19T11:58:36.522027Z,2026-06-19T11:58:36.522027Z
TRG04,2027,01,1448-08-01,1799531760,1799532360,1799536740,1799538240,1799558220,1799570340,1799579580,1799584020,2026-06-19T11:58:36.522027Z,2026-06-19T11:58:36.522027Z
TRG04,2027,01,1448-08-02,1799618160,1799618760,1799623140,1799624640,1799644680,1799656800,1799665980,1799670420,2026-06-19T11:58:36.522027Z,2026-06-19T11:58:36.522027Z
TRG04,2027,01,1448-08-03,1799704620,1799705220,1799709600,1799711100,1799731080,1799743200,1799752440,1799756880,2026-06-19T11:58:36.522027Z,2026-06-19T11:58:36.522027Z
TRG04,2027,01,1448-08-04,1799791020,1799791620,1799796000,1799797500,1799817540,1799829660,1799838840,1799843280,2026-06-19T11:58:36.522027Z,2026-06-19T11:58:36.522027Z
TRG04,2027,01,1448-08-05,1799877480,1799878080,1799882400,1799883900,1799903940,1799916060,1799925240,1799929680,2026-06-19T11:58:36.522027Z,2026-06-19T11:58:36.522027Z
TRG04,2027,01,1448-08-06,1799963880,1799964480,1799968860,1799970360,1799990340,1800002460,1800011700,1800016140,2026-06-19T11:58:36.522027Z,2026-06-19T11:58:36.522027Z
TRG04,2027,01,1448-08-07,1800050280,1800050880,1800055260,1800056760,1800076800,1800088920,1800098100,1800102540,2026-06-19T11:58:36.522027Z,2026-06-19T11:58:36.522027Z
TRG04,2027,01,1448-08-08,1800136740,1800137340,1800141660,1800143160,1800163200,1800175320,1800184560,1800188940,2026-06-19T11:58:36.522027Z,2026-06-19T11:58:36.522027Z
TRG04,2027,01,1448-08-09,1800223140,1800223740,1800228060,1800229560,1800249600,1800261720,1800270960,1800275340,2026-06-19T11:58:36.522027Z,2026-06-19T11:58:36.522027Z
TRG04,2027,01,1448-08-10,1800309540,1800310140,1800314520,1800316020,1800336060,1800348180,1800357360,1800361800,2026-06-19T11:58:36.522027Z,2026-06-19T11:58:36.522027Z
TRG04,2027,01,1448-08-11,1800396000,1800396600,1800400920,1800402420,1800422460,1800434580,1800443820,1800448200,2026-06-19T11:58:36.522027Z,2026-06-19T11:58:36.522027Z
TRG04,2027,01,1448-08-12,1800482400,1800483000,1800487320,1800488820,1800508860,1800520980,1800530220,1800534600,2026-06-19T11:58:36.522027Z,2026-06-19T11:58:36.522027Z
TRG04,2027,01,1448-08-13,1800568800,1800569400,1800573720,1800575220,1800595320,1800607380,1800616680,1800621060,2026-06-19T11:58:36.522027Z,2026-06-19T11:58:36.522027Z
TRG04,2027,01,1448-08-14,1800655260,1800655860,1800660180,1800661680,1800681720,1800693840,1800703080,1800707460,2026-06-19T11:58:36.522027Z,2026-06-19T11:58:36.522027Z
TRG04,2027,01,1448-08-15,1800741660,1800742260,1800746580,1800748080,1800768120,1800780240,1800789480,1800793860,2026-06-19T11:58:36.522027Z,2026-06-19T11:58:36.522027Z
TRG04,2027,01,1448-08-16,1800828060,1800828660,1800832980,1800834480,1800854520,1800866640,1800875940,1800880260,2026-06-19T11:58:36.522027Z,2026-06-19T11:58:36.522027Z
TRG04,2027,01,1448-08-17,1800914460,1800915060,1800919380,1800920880,1800940980,1800953040,1800962340,1800966660,2026-06-19T11:58:36.522027Z,2026-06-19T11:58:36.522027Z
TRG04,2027,01,1448-08-18,1801000920,1801001520,1801005780,1801007280,1801027380,1801039440,1801048740,1801053120,2026-06-19T11:58:36.522027Z,2026-06-19T11:58:36.522027Z
TRG04,2027,01,1448-08-19,1801087320,1801087920,1801092180,1801093680,1801113780,1801125840,1801135140,1801139520,2026-06-19T11:58:36.522027Z,2026-06-19T11:58:36.522027Z
TRG04,2027,01,1448-08-20,1801173720,1801174320,1801178580,1801180080,1801200180,1801212240,1801221600,1801225920,2026-06-19T11:58:36.522027Z,2026-06-19T11:58:36.522027Z
TRG04,2027,01,1448-08-21,1801260120,1801260720,1801264980,1801266480,1801286580,1801298700,1801308000,1801312320,2026-06-19T11:58:36.522027Z,2026-06-19T11:58:36.522027Z
TRG04,2027,01,1448-08-22,1801346520,1801347120,1801351440,1801352940,1801372980,1801385100,1801394400,1801398720,2026-06-19T11:58:36.522027Z,2026-06-19T11:58:36.522027Z
TRG04,2027,02,1448-08-23,1801432980,1801433580,1801437840,1801439340,1801459440,1801471500,1801480800,1801485120,2026-06-19T11:58:36.522027Z,2026-06-19T11:58:36.522027Z
TRG04,2027,02,1448-08-24,1801519380,1801519980,1801524240,1801525740,1801545840,1801557900,1801567260,1801571520,2026-06-19T11:58:36.522027Z,2026-06-19T11:58:36.522027Z
TRG04,2027,02,1448-08-25,1801605780,1801606380,1801610640,1801612140,1801632240,1801644300,1801653660,1801657980,2026-06-19T11:58:36.522027Z,2026-06-19T11:58:36.522027Z
TRG04,2027,02,1448-08-26,1801692180,1801692780,1801697040,1801698540,1801718640,1801730700,1801740060,1801744380,2026-06-19T11:58:36.522027Z,2026-06-19T11:58:36.522027Z
TRG04,2027,02,1448-08-27,1801778580,1801779180,1801783440,1801784940,1801805040,1801817100,1801826460,1801830780,2026-06-19T11:58:36.522027Z,2026-06-19T11:58:36.522027Z
TRG04,2027,02,1448-08-28,1801864980,1801865580,1801869840,1801871340,1801891440,1801903500,1801912860,1801917180,2026-06-19T11:58:36.522027Z,2026-06-19T11:58:36.522027Z
TRG04,2027,02,1448-08-29,1801951380,1801951980,1801956240,1801957740,1801977840,1801989900,1801999320,1802003580,2026-06-19T11:58:36.522027Z,2026-06-19T11:58:36.522027Z
TRG04,2027,02,1448-09-01,1802037780,1802038380,1802042640,1802044140,1802064240,1802076300,1802085720,1802089980,2026-06-19T11:58:36.522027Z,2026-06-19T11:58:36.522027Z
TRG04,2027,02,1448-09-02,1802124180,1802124780,1802129040,1802130540,1802150640,1802162640,1802172120,1802176380,2026-06-19T11:58:36.522027Z,2026-06-19T11:58:36.522027Z
TRG04,2027,02,1448-09-03,1802210580,1802211180,1802215380,1802216880,1802237040,1802249040,1802258520,1802262780,2026-06-19T11:58:36.522027Z,2026-06-19T11:58:36.522027Z
TRG04,2027,02,1448-09-04,1802296980,1802297580,1802301780,1802303280,1802323440,1802335440,1802344920,1802349180,2026-06-19T11:58:36.522027Z,2026-06-19T11:58:36.522027Z
TRG04,2027,02,1448-09-05,1802383380,1802383980,1802388180,1802389680,1802409840,1802421840,1802431320,1802435580,2026-06-19T11:58:36.522027Z,2026-06-19T11:58:36.522027Z
TRG04,2027,02,1448-09-06,1802469780,1802470380,1802474580,1802476080,1802496240,1802508240,1802517720,1802521980,2026-06-19T11:58:36.522027Z,2026-06-19T11:58:36.522027Z
TRG04,2027,02,1448-09-07,1802556180,1802556780,1802560980,1802562480,1802582640,1802594640,1802604120,1802608380,2026-06-19T11:58:36.522027Z,2026-06-19T11:58:36.522027Z
TRG04,2027,02,1448-09-08,1802642580,1802643180,1802647380,1802648880,1802669040,1802680980,1802690580,1802694780,2026-06-19T11:58:36.522027Z,2026-06-19T11:58:36.522027Z
TRG04,2027,02,1448-09-09,1802728980,1802729580,1802733780,1802735280,1802755440,1802767380,1802776980,1802781180,2026-06-19T11:58:36.522027Z,2026-06-19T11:58:36.522027Z
TRG04,2027,02,1448-09-10,1802815380,1802815980,1802820180,1802821680,1802841840,1802853780,1802863380,1802867580,2026-06-19T11:58:36.522027Z,2026-06-19T11:58:36.522027Z
TRG04,2027,02,1448-09-11,1802901780,1802902380,1802906520,1802908020,1802928240,1802940180,1802949780,1802953980,2026-06-19T11:58:36.522027Z,2026-06-19T11:58:36.522027Z
TRG04,2027,02,1448-09-12,1802988180,1802988780,1802992920,1802994420,1803014640,1803026520,1803036180,1803040380,2026-06-19T11:58:36.522027Z,2026-06-19T11:58:36.522027Z
TRG04,2027,02,1448-09-13,1803074580,1803075180,1803079320,1803080820,1803101040,1803112920,1803122580,1803126780,2026-06-19T11:58:36.522027Z,2026-06-19T11:58:36.522027Z
TRG04,2027,02,1448-09-14,1803160980,1803161580,1803165720,1803167220,1803187440,1803199320,1803208980,1803213180,2026-06-19T11:58:36.522027Z,2026-06-19T11:58:36.522027Z
TRG04,2027,02,1448-09-15,1803247380,1803247980,1803252060,1803253560,1803273840,1803285660,1803295380,1803299580,2026-06-19T11:58:36.522027Z,2026-06-19T11:58:36.522027Z
TRG04,2027,02,1448-09-16,1803333720,1803334320,1803338460,1803339960,1803360180,1803372060,1803381780,1803385920,2026-06-19T11:58:36.522027Z,2026-06-19T11:58:36.522027Z
TRG04,2027,02,1448-09-17,1803420120,1803420720,1803424860,1803426360,1803446580,1803458460,1803468180,1803472320,2026-06-19T11:58:36.522027Z,2026-06-19T11:58:36.522027Z
TRG04,2027,02,1448-09-18,1803506520,1803507120,1803511260,1803512760,1803532980,1803544800,1803554580,1803558720,2026-06-19T11:58:36.522027Z,2026-06-19T11:58:36.522027Z
TRG04,2027,02,1448-09-19,1803592920,1803593520,1803597600,1803599100,1803619380,1803631200,1803640980,1803645120,2026-06-19T11:58:36.522027Z,2026-06-19T11:58:36.522027Z
TRG04,2027,02,1448-09-20,1803679320,1803679920,1803684000,1803685500,1803705780,1803717540,1803727380,1803731520,2026-06-19T11:58:36.522027Z,2026-06-19T11:58:36.522027Z
TRG04,2027,02,1448-09-21,1803765660,1803766260,1803770400,1803771900,1803792180,1803803940,1803813720,1803817920,2026-06-19T11:58:36.522027Z,2026-06-19T11:58:36.522027Z
TRG04,2027,03,1448-09-22,1803852060,1803852660,1803856800,1803858300,1803878580,1803890280,1803900120,1803904320,2026-06-19T11:58:36.522027Z,2026-06-19T11:58:36.522027Z
TRG04,2027,03,1448-09-23,1803938460,1803939060,1803943140,1803944640,1803964920,1803976680,1803986520,1803990720,2026-06-19T11:58:36.522027Z,2026-06-19T11:58:36.522027Z
TRG04,2027,03,1448-09-24,1804024860,1804025460,1804029540,1804031040,1804051320,1804063020,1804072920,1804077120,2026-06-19T11:58:36.522027Z,2026-06-19T11:58:36.522027Z
TRG04,2027,03,1448-09-25,1804111200,1804111800,1804115940,1804117440,1804137720,1804149420,1804159320,1804163460,2026-06-19T11:58:36.522027Z,2026-06-19T11:58:36.522027Z
TRG04,2027,03,1448-09-26,1804197600,1804198200,1804202280,1804203780,1804224120,1804235760,1804245720,1804249860,2026-06-19T11:58:36.522027Z,2026-06-19T11:58:36.522027Z
TRG04,2027,03,1448-09-27,1804284000,1804284600,1804288680,1804290180,1804310460,1804322100,1804332120,1804336260,2026-06-19T11:58:36.522027Z,2026-06-19T11:58:36.522027Z
TRG04,2027,03,1448-09-28,1804370340,1804370940,1804375080,1804376580,1804396860,1804408500,1804418520,1804422660,2026-06-19T11:58:36.522027Z,2026-06-19T11:58:36.522027Z
TRG04,2027,03,1448-09-29,1804456740,1804457340,1804461420,1804462920,1804483260,1804494840,1804504920,1804509060,2026-06-19T11:58:36.522027Z,2026-06-19T11:58:36.522027Z
TRG04,2027,03,1448-09-30,1804543140,1804543740,1804547820,1804549320,1804569660,1804581180,1804591320,1804595460,2026-06-19T11:58:36.522027Z,2026-06-19T11:58:36.522027Z
TRG04,2027,03,1448-10-01,1804629480,1804630080,1804634160,1804635660,1804656000,1804667580,1804677660,1804681800,2026-06-19T11:58:36.522027Z,2026-06-19T11:58:36.522027Z
TRG04,2027,03,1448-10-02,1804715880,1804716480,1804720560,1804722060,1804742400,1804753920,1804764060,1804768200,2026-06-19T11:58:36.522027Z,2026-06-19T11:58:36.522027Z
TRG04,2027,03,1448-10-03,1804802280,1804802880,1804806960,1804808460,1804828800,1804840260,1804850460,1804854600,2026-06-19T11:58:36.522027Z,2026-06-19T11:58:36.522027Z
TRG04,2027,03,1448-10-04,1804888620,1804889220,1804893300,1804894800,1804915200,1804926660,1804936860,1804941000,2026-06-19T11:58:36.522027Z,2026-06-19T11:58:36.522027Z
TRG04,2027,03,1448-10-05,1804975020,1804975620,1804979700,1804981200,1805001540,1805013000,1805023260,1805027400,2026-06-19T11:58:36.522027Z,2026-06-19T11:58:36.522027Z
TRG04,2027,03,1448-10-06,1805061420,1805062020,1805066040,1805067540,1805087940,1805099340,1805109660,1805113800,2026-06-19T11:58:36.522027Z,2026-06-19T11:58:36.522027Z
TRG04,2027,03,1448-10-07,1805147760,1805148360,1805152440,1805153940,1805174340,1805185680,1805196060,1805200200,2026-06-19T11:58:36.522027Z,2026-06-19T11:58:36.522027Z
TRG04,2027,03,1448-10-08,1805234160,1805234760,1805238840,1805240340,1805260740,1805272020,1805282400,1805286540,2026-06-19T11:58:36.522027Z,2026-06-19T11:58:36.522027Z
TRG04,2027,03,1448-10-09,1805320500,1805321100,1805325180,1805326680,1805347080,1805358420,1805368800,1805372940,2026-06-19T11:58:36.522027Z,2026-06-19T11:58:36.522027Z
TRG04,2027,03,1448-10-10,1805406900,1805407500,1805411580,1805413080,1805433480,1805444760,1805455200,1805459340,2026-06-19T11:58:36.522027Z,2026-06-19T11:58:36.522027Z
TRG04,2027,03,1448-10-11,1805493300,1805493900,1805497920,1805499420,1805519880,1805531100,1805541600,1805545740,2026-06-19T11:58:36.522027Z,2026-06-19T11:58:36.522027Z
TRG04,2027,03,1448-10-12,1805579640,1805580240,1805584320,1805585820,1805606220,1805617440,1805628000,1805632140,2026-06-19T11:58:36.522027Z,2026-06-19T11:58:36.522027Z
TRG04,2027,03,1448-10-13,1805666040,1805666640,1805670720,1805672220,1805692620,1805703780,1805714400,1805718540,2026-06-19T11:58:36.522027Z,2026-06-19T11:58:36.522027Z
TRG04,2027,03,1448-10-14,1805752380,1805752980,1805757060,1805758560,1805779020,1805790120,1805800740,1805804880,2026-06-19T11:58:36.522027Z,2026-06-19T11:58:36.522027Z
TRG04,2027,03,1448-10-15,1805838780,1805839380,1805843460,1805844960,1805865420,1805876460,1805887140,1805891280,2026-06-19T11:58:36.522027Z,2026-06-19T11:58:36.522027Z
TRG04,2027,03,1448-10-16,1805925120,1805925720,1805929800,1805931300,1805951760,1805962800,1805973540,1805977680,2026-06-19T11:58:36.522027Z,2026-06-19T11:58:36.522027Z
TRG04,2027,03,1448-10-17,1806011520,1806012120,1806016200,1806017700,1806038160,1806049200,1806059940,1806064080,2026-06-19T11:58:36.522027Z,2026-06-19T11:58:36.522027Z
TRG04,2027,03,1448-10-18,1806097860,1806098460,1806102540,1806104040,1806124560,1806135540,1806146340,1806150480,2026-06-19T11:58:36.522027Z,2026-06-19T11:58:36.522027Z
TRG04,2027,03,1448-10-19,1806184260,1806184860,1806188940,1806190440,1806210900,1806221880,1806232740,1806236880,2026-06-19T11:58:36.522027Z,2026-06-19T11:58:36.522027Z
TRG04,2027,03,1448-10-20,1806270660,1806271260,1806275340,1806276840,1806297300,1806308220,1806319080,1806323220,2026-06-19T11:58:36.522027Z,2026-06-19T11:58:36.522027Z
TRG04,2027,03,1448-10-21,1806357000,1806357600,1806361680,1806363180,1806383700,1806394560,1806405480,1806409620,2026-06-19T11:58:36.522027Z,2026-06-19T11:58:36.522027Z
TRG04,2027,03,1448-10-22,1806443400,1806444000,1806448080,1806449580,1806470040,1806480900,1806491880,1806496020,2026-06-19T11:58:36.522027Z,2026-06-19T11:58:36.522027Z
TRG04,2027,04,1448-10-23,1806529740,1806530340,1806534420,1806535920,1806556440,1806567240,1806578280,1806582420,2026-06-19T11:58:36.522027Z,2026-06-19T11:58:36.522027Z
TRG04,2027,04,1448-10-24,1806616140,1806616740,1806620820,1806622320,1806642840,1806653640,1806664680,1806668820,2026-06-19T11:58:36.522027Z,2026-06-19T11:58:36.522027Z
TRG04,2027,04,1448-10-25,1806702480,1806703080,1806707160,1806708660,1806729240,1806740100,1806751020,1806755220,2026-06-19T11:58:36.522027Z,2026-06-19T11:58:36.522027Z
TRG04,2027,04,1448-10-26,1806788880,1806789480,1806793560,1806795060,1806815580,1806826500,1806837420,1806841620,2026-06-19T11:58:36.522027Z,2026-06-19T11:58:36.522027Z
TRG04,2027,04,1448-10-27,1806875220,1806875820,1806879960,1806881460,1806901980,1806912960,1806923820,1806928020,2026-06-19T11:58:36.522027Z,2026-06-19T11:58:36.522027Z
TRG04,2027,04,1448-10-28,1806961620,1806962220,1806966300,1806967800,1806988380,1806999360,1807010220,1807014360,2026-06-19T11:58:36.522027Z,2026-06-19T11:58:36.522027Z
TRG04,2027,04,1448-10-29,1807047960,1807048560,1807052700,1807054200,1807074720,1807085820,1807096620,1807100760,2026-06-19T11:58:36.522027Z,2026-06-19T11:58:36.522027Z
TRG04,2027,04,1448-10-30,1807134360,1807134960,1807139040,1807140540,1807161120,1807172220,1807183020,1807187160,2026-06-19T11:58:36.522027Z,2026-06-19T11:58:36.522027Z
TRG04,2027,04,1448-11-01,1807220700,1807221300,1807225440,1807226940,1807247520,1807258620,1807269420,1807273560,2026-06-19T11:58:36.522027Z,2026-06-19T11:58:36.522027Z
TRG04,2027,04,1448-11-02,1807307100,1807307700,1807311840,1807313340,1807333920,1807345080,1807355760,1807359960,2026-06-19T11:58:36.522027Z,2026-06-19T11:58:36.522027Z
TRG04,2027,04,1448-11-03,1807393500,1807394100,1807398180,1807399680,1807420260,1807431480,1807442160,1807446360,2026-06-19T11:58:36.522027Z,2026-06-19T11:58:36.522027Z
TRG04,2027,04,1448-11-04,1807479840,1807480440,1807484580,1807486080,1807506660,1807517940,1807528560,1807532760,2026-06-19T11:58:36.522027Z,2026-06-19T11:58:36.522027Z
TRG04,2027,04,1448-11-05,1807566240,1807566840,1807570980,1807572480,1807593060,1807604340,1807614960,1807619160,2026-06-19T11:58:36.522027Z,2026-06-19T11:58:36.522027Z
TRG04,2027,04,1448-11-06,1807652580,1807653180,1807657320,1807658820,1807679460,1807690740,1807701360,1807705560,2026-06-19T11:58:36.522027Z,2026-06-19T11:58:36.522027Z
TRG04,2027,04,1448-11-07,1807738980,1807739580,1807743720,1807745220,1807765800,1807777200,1807787760,1807791960,2026-06-19T11:58:36.522027Z,2026-06-19T11:58:36.522027Z
TRG04,2027,04,1448-11-08,1807825320,1807825920,1807830060,1807831560,1807852200,1807863600,1807874160,1807878360,2026-06-19T11:58:36.522027Z,2026-06-19T11:58:36.522027Z
TRG04,2027,04,1448-11-09,1807911720,1807912320,1807916460,1807917960,1807938600,1807950000,1807960500,1807964760,2026-06-19T11:58:36.522027Z,2026-06-19T11:58:36.522027Z
TRG04,2027,04,1448-11-10,1807998060,1807998660,1808002860,1808004360,1808025000,1808036460,1808046900,1808051160,2026-06-19T11:58:36.522027Z,2026-06-19T11:58:36.522027Z
TRG04,2027,04,1448-11-11,1808084460,1808085060,1808089200,1808090700,1808111340,1808122860,1808133300,1808137560,2026-06-19T11:58:36.522027Z,2026-06-19T11:58:36.522027Z
TRG04,2027,04,1448-11-12,1808170860,1808171460,1808175600,1808177100,1808197740,1808209260,1808219700,1808223960,2026-06-19T11:58:36.522027Z,2026-06-19T11:58:36.522027Z
TRG04,2027,04,1448-11-13,1808257200,1808257800,1808262000,1808263500,1808284140,1808295720,1808306100,1808310360,2026-06-19T11:58:36.522027Z,2026-06-19T11:58:36.522027Z
TRG04,2027,04,1448-11-14,1808343600,1808344200,1808348340,1808349840,1808370540,1808382120,1808392500,1808396760,2026-06-19T11:58:36.522027Z,2026-06-19T11:58:36.522027Z
TRG04,2027,04,1448-11-15,1808429940,1808430540,1808434740,1808436240,1808456940,1808468520,1808478900,1808483160,2026-06-19T11:58:36.522027Z,2026-06-19T11:58:36.522027Z
TRG04,2027,04,1448-11-16,1808516340,1808516940,1808521140,1808522640,1808543280,1808554980,1808565300,1808569560,2026-06-19T11:58:36.522027Z,2026-06-19T11:58:36.522027Z
TRG04,2027,04,1448-11-17,1808602680,1808603280,1808607480,1808608980,1808629680,1808641380,1808651700,1808655960,2026-06-19T11:58:36.522027Z,2026-06-19T11:58:36.522027Z
TRG04,2027,04,1448-11-18,1808689080,1808689680,1808693880,1808695380,1808716080,1808727780,1808738100,1808742360,2026-06-19T11:58:36.522027Z,2026-06-19T11:58:36.522027Z
TRG04,2027,04,1448-11-19,1808775480,1808776080,1808780280,1808781780,1808802480,1808814180,1808824500,1808828760,2026-06-19T11:58:36.522027Z,2026-06-19T11:58:36.522027Z
TRG04,2027,04,1448-11-20,1808861820,1808862420,1808866680,1808868180,1808888880,1808900640,1808910900,1808915160,2026-06-19T11:58:36.522027Z,2026-06-19T11:58:36.522027Z
TRG04,2027,04,1448-11-21,1808948220,1808948820,1808953020,1808954520,1808975280,1808987040,1808997300,1809001560,2026-06-19T11:58:36.522027Z,2026-06-19T11:58:36.522027Z
TRG04,2027,04,1448-11-22,1809034620,1809035220,1809039420,1809040920,1809061620,1809073440,1809083700,1809087960,2026-06-19T11:58:36.522027Z,2026-06-19T11:58:36.522027Z
TRG04,2027,05,1448-11-23,1809120960,1809121560,1809125820,1809127320,1809148020,1809159900,1809170100,1809174360,2026-06-19T11:58:36.522027Z,2026-06-19T11:58:36.522027Z
TRG04,2027,05,1448-11-24,1809207360,1809207960,1809212220,1809213720,1809234420,1809246300,1809256500,1809260760,2026-06-19T11:58:36.522027Z,2026-06-19T11:58:36.522027Z
TRG04,2027,05,1448-11-25,1809293760,1809294360,1809298560,1809300060,1809320820,1809332700,1809342900,1809347160,2026-06-19T11:58:36.522027Z,2026-06-19T11:58:36.522027Z
TRG04,2027,05,1448-11-26,1809380100,1809380700,1809384960,1809386460,1809407220,1809419100,1809429300,1809433620,2026-06-19T11:58:36.522027Z,2026-06-19T11:58:36.522027Z
TRG04,2027,05,1448-11-27,1809466500,1809467100,1809471360,1809472860,1809493620,1809505560,1809515700,1809520020,2026-06-19T11:58:36.522027Z,2026-06-19T11:58:36.522027Z
TRG04,2027,05,1448-11-28,1809552900,1809553500,1809557760,1809559260,1809580020,1809591960,1809602100,1809606420,2026-06-19T11:58:36.522027Z,2026-06-19T11:58:36.522027Z
TRG04,2027,05,1448-11-29,1809639240,1809639840,1809644160,1809645660,1809666420,1809678360,1809688500,1809692820,2026-06-19T11:58:36.522027Z,2026-06-19T11:58:36.522027Z
TRG04,2027,05,1448-12-01,1809725640,1809726240,1809730560,1809732060,1809752820,1809764760,1809774900,1809779220,2026-06-19T11:58:36.522027Z,2026-06-19T11:58:36.522027Z
TRG04,2027,05,1448-12-02,1809812040,1809812640,1809816900,1809818400,1809839220,1809851220,1809861300,1809865620,2026-06-19T11:58:36.522027Z,2026-06-19T11:58:36.522027Z
TRG04,2027,05,1448-12-03,1809898440,1809899040,1809903300,1809904800,1809925620,1809937620,1809947700,1809952020,2026-06-19T11:58:36.522027Z,2026-06-19T11:58:36.522027Z
TRG04,2027,05,1448-12-04,1809984780,1809985380,1809989700,1809991200,1810012020,1810024020,1810034100,1810038480,2026-06-19T11:58:36.522027Z,2026-06-19T11:58:36.522027Z
TRG04,2027,05,1448-12-05,1810071180,1810071780,1810076100,1810077600,1810098360,1810110420,1810120500,1810124880,2026-06-19T11:58:36.522027Z,2026-06-19T11:58:36.522027Z
TRG04,2027,05,1448-12-06,1810157580,1810158180,1810162500,1810164000,1810184760,1810196880,1810206900,1810211280,2026-06-19T11:58:36.522027Z,2026-06-19T11:58:36.522027Z
TRG04,2027,05,1448-12-07,1810243980,1810244580,1810248900,1810250400,1810271160,1810283280,1810293300,1810297680,2026-06-19T11:58:36.522027Z,2026-06-19T11:58:36.522027Z
TRG04,2027,05,1448-12-08,1810330320,1810330920,1810335300,1810336800,1810357560,1810369680,1810379700,1810384080,2026-06-19T11:58:36.522027Z,2026-06-19T11:58:36.522027Z
TRG04,2027,05,1448-12-09,1810416720,1810417320,1810421700,1810423200,1810443960,1810456080,1810466100,1810470540,2026-06-19T11:58:36.522027Z,2026-06-19T11:58:36.522027Z
TRG04,2027,05,1448-12-10,1810503120,1810503720,1810508100,1810509600,1810530420,1810542540,1810552500,1810556940,2026-06-19T11:58:36.522027Z,2026-06-19T11:58:36.522027Z
TRG04,2027,05,1448-12-11,1810589520,1810590120,1810594500,1810596000,1810616820,1810628940,1810638900,1810643340,2026-06-19T11:58:36.522027Z,2026-06-19T11:58:36.522027Z
TRG04,2027,05,1448-12-12,1810675920,1810676520,1810680900,1810682400,1810703220,1810715340,1810725360,1810729740,2026-06-19T11:58:36.522027Z,2026-06-19T11:58:36.522027Z
TRG04,2027,05,1448-12-13,1810762320,1810762920,1810767240,1810768740,1810789620,1810801740,1810811760,1810816200,2026-06-19T11:58:36.522027Z,2026-06-19T11:58:36.522027Z
TRG04,2027,05,1448-12-14,1810848720,1810849320,1810853640,1810855140,1810876020,1810888200,1810898160,1810902600,2026-06-19T11:58:36.522027Z,2026-06-19T11:58:36.522027Z
TRG04,2027,05,1448-12-15,1810935060,1810935660,1810940040,1810941540,1810962420,1810974600,1810984560,1810989000,2026-06-19T11:58:36.522027Z,2026-06-19T11:58:36.522027Z
TRG04,2027,05,1448-12-16,1811021460,1811022060,1811026440,1811027940,1811048820,1811061000,1811070960,1811075400,2026-06-19T11:58:36.522027Z,2026-06-19T11:58:36.522027Z
TRG04,2027,05,1448-12-17,1811107860,1811108460,1811112840,1811114340,1811135220,1811147460,1811157360,1811161860,2026-06-19T11:58:36.522027Z,2026-06-19T11:58:36.522027Z
TRG04,2027,05,1448-12-18,1811194260,1811194860,1811199240,1811200740,1811221620,1811233860,1811243760,1811248260,2026-06-19T11:58:36.522027Z,2026-06-19T11:58:36.522027Z
TRG04,2027,05,1448-12-19,1811280660,1811281260,1811285700,1811287200,1811308020,1811320260,1811330220,1811334660,2026-06-19T11:58:36.522027Z,2026-06-19T11:58:36.522027Z
TRG04,2027,05,1448-12-20,1811367060,1811367660,1811372100,1811373600,1811394420,1811406660,1811416620,1811421060,2026-06-19T11:58:36.522027Z,2026-06-19T11:58:36.522027Z
TRG04,2027,05,1448-12-21,1811453460,1811454060,1811458500,1811460000,1811480820,1811493120,1811503020,1811507520,2026-06-19T11:58:36.522027Z,2026-06-19T11:58:36.522027Z
TRG04,2027,05,1448-12-22,1811539860,1811540460,1811544900,1811546400,1811567220,1811579520,1811589420,1811593920,2026-06-19T11:58:36.522027Z,2026-06-19T11:58:36.522027Z
TRG04,2027,05,1448-12-23,1811626260,1811626860,1811631300,1811632800,1811653680,1811665920,1811675820,1811680320,2026-06-19T11:58:36.522027Z,2026-06-19T11:58:36.522027Z
TRG04,2027,05,1448-12-24,1811712660,1811713260,1811717700,1811719200,1811740080,1811752320,1811762280,1811766720,2026-06-19T11:58:36.522027Z,2026-06-19T11:58:36.522027Z
TRG04,2027,06,1448-12-25,1811799060,1811799660,1811804100,1811805600,1811826480,1811838780,1811848680,1811853180,2026-06-19T11:58:36.522027Z,2026-06-19T11:58:36.522027Z
TRG04,2027,06,1448-12-26,1811885460,1811886060,1811890500,1811892000,1811912880,1811925180,1811935080,1811939580,2026-06-19T11:58:36.522027Z,2026-06-19T11:58:36.522027Z
TRG04,2027,06,1448-12-27,1811971860,1811972460,1811976900,1811978400,1811999280,1812011580,1812021480,1812025980,2026-06-19T11:58:36.522027Z,2026-06-19T11:58:36.522027Z
TRG04,2027,06,1448-12-28,1812058260,1812058860,1812063300,1812064800,1812085680,1812098040,1812107880,1812112440,2026-06-19T11:58:36.522027Z,2026-06-19T11:58:36.522027Z
TRG04,2027,06,1448-12-29,1812144660,1812145260,1812149700,1812151200,1812172140,1812184440,1812194340,1812198840,2026-06-19T11:58:36.522027Z,2026-06-19T11:58:36.522027Z
TRG04,2027,06,1449-01-01,1812231060,1812231660,1812236160,1812237660,1812258540,1812270840,1812280740,1812285240,2026-06-19T11:58:36.522027Z,2026-06-19T11:58:36.522027Z
TRG04,2027,06,1449-01-02,1812317460,1812318060,1812322560,1812324060,1812344940,1812357240,1812367140,1812371640,2026-06-19T11:58:36.522027Z,2026-06-19T11:58:36.522027Z
TRG04,2027,06,1449-01-03,1812403860,1812404460,1812408960,1812410460,1812431340,1812443700,1812453540,1812458100,2026-06-19T11:58:36.522027Z,2026-06-19T11:58:36.522027Z
TRG04,2027,06,1449-01-04,1812490260,1812490860,1812495360,1812496860,1812517740,1812530100,1812539940,1812544500,2026-06-19T11:58:36.522027Z,2026-06-19T11:58:36.522027Z
TRG04,2027,06,1449-01-05,1812576720,1812577320,1812581760,1812583260,1812604140,1812616500,1812626400,1812630900,2026-06-19T11:58:36.522027Z,2026-06-19T11:58:36.522027Z
TRG04,2027,06,1449-01-06,1812663120,1812663720,1812668160,1812669660,1812690600,1812702900,1812712800,1812717360,2026-06-19T11:58:36.522027Z,2026-06-19T11:58:36.522027Z
TRG04,2027,06,1449-01-07,1812749520,1812750120,1812754560,1812756060,1812777000,1812789360,1812799200,1812803760,2026-06-19T11:58:36.522027Z,2026-06-19T11:58:36.522027Z
TRG04,2027,06,1449-01-08,1812835920,1812836520,1812841020,1812842520,1812863400,1812875760,1812885600,1812890160,2026-06-19T11:58:36.522027Z,2026-06-19T11:58:36.522027Z
TRG04,2027,06,1449-01-09,1812922320,1812922920,1812927420,1812928920,1812949800,1812962160,1812972060,1812976560,2026-06-19T11:58:36.522027Z,2026-06-19T11:58:36.522027Z
TRG04,2027,06,1449-01-10,1813008720,1813009320,1813013820,1813015320,1813036260,1813048560,1813058460,1813063020,2026-06-19T11:58:36.522027Z,2026-06-19T11:58:36.522027Z
TRG04,2027,06,1449-01-11,1813095120,1813095720,1813100220,1813101720,1813122660,1813135020,1813144860,1813149420,2026-06-19T11:58:36.522027Z,2026-06-19T11:58:36.522027Z
TRG04,2027,06,1449-01-12,1813181580,1813182180,1813186620,1813188120,1813209060,1813221420,1813231260,1813235820,2026-06-19T11:58:36.522027Z,2026-06-19T11:58:36.522027Z
TRG04,2027,06,1449-01-13,1813267980,1813268580,1813273080,1813274580,1813295460,1813307820,1813317720,1813322220,2026-06-19T11:58:36.522027Z,2026-06-19T11:58:36.522027Z
TRG04,2027,06,1449-01-14,1813354380,1813354980,1813359480,1813360980,1813381860,1813394220,1813404120,1813408680,2026-06-19T11:58:36.522027Z,2026-06-19T11:58:36.522027Z
TRG04,2027,06,1449-01-15,1813440780,1813441380,1813445880,1813447380,1813468320,1813480680,1813490520,1813495080,2026-06-19T11:58:36.522027Z,2026-06-19T11:58:36.522027Z
TRG04,2027,06,1449-01-16,1813527180,1813527780,1813532280,1813533780,1813554720,1813567080,1813576920,1813581480,2026-06-19T11:58:36.522027Z,2026-06-19T11:58:36.522027Z
TRG04,2027,06,1449-01-17,1813613640,1813614240,1813618680,1813620180,1813641120,1813653480,1813663320,1813667880,2026-06-19T11:58:36.522027Z,2026-06-19T11:58:36.522027Z
TRG04,2027,06,1449-01-18,1813700040,1813700640,1813705140,1813706640,1813727520,1813739880,1813749780,1813754340,2026-06-19T11:58:36.522027Z,2026-06-19T11:58:36.522027Z
TRG04,2027,06,1449-01-19,1813786440,1813787040,1813791540,1813793040,1813813920,1813826280,1813836180,1813840740,2026-06-19T11:58:36.522027Z,2026-06-19T11:58:36.522027Z
TRG04,2027,06,1449-01-20,1813872840,1813873440,1813877940,1813879440,1813900380,1813912740,1813922580,1813927140,2026-06-19T11:58:36.522027Z,2026-06-19T11:58:36.522027Z
TRG04,2027,06,1449-01-21,1813959300,1813959900,1813964340,1813965840,1813986780,1813999140,1814008980,1814013540,2026-06-19T11:58:36.522027Z,2026-06-19T11:58:36.522027Z
TRG04,2027,06,1449-01-22,1814045700,1814046300,1814050800,1814052300,1814073180,1814085540,1814095380,1814099940,2026-06-19T11:58:36.522027Z,2026-06-19T11:58:36.522027Z
TRG04,2027,06,1449-01-23,1814132100,1814132700,1814137200,1814138700,1814159580,1814171940,1814181840,1814186340,2026-06-19T11:58:36.522027Z,2026-06-19T11:58:36.522027Z
TRG04,2027,06,1449-01-24,1814218500,1814219100,1814223600,1814225100,1814246040,1814258340,1814268240,1814272800,2026-06-19T11:58:36.522027Z,2026-06-19T11:58:36.522027Z
TRG04,2027,06,1449-01-25,1814304960,1814305560,1814310000,1814311500,1814332440,1814344800,1814354640,1814359200,2026-06-19T11:58:36.522027Z,2026-06-19T11:58:36.522027Z
TRG04,2027,07,1449-01-26,1814391360,1814391960,1814396400,1814397900,1814418840,1814431200,1814441040,1814445600,2026-06-19T11:58:36.522027Z,2026-06-19T11:58:36.522027Z
TRG04,2027,07,1449-01-27,1814477760,1814478360,1814482860,1814484360,1814505240,1814517600,1814527440,1814532000,2026-06-19T11:58:36.522027Z,2026-06-19T11:58:36.522027Z
TRG04,2027,07,1449-01-28,1814564160,1814564760,1814569260,1814570760,1814591640,1814604000,1814613840,1814618400,2026-06-19T11:58:36.522027Z,2026-06-19T11:58:36.522027Z
TRG04,2027,07,1449-01-29,1814650620,1814651220,1814655660,1814657160,1814678040,1814690400,1814700300,1814704800,2026-06-19T11:58:36.522027Z,2026-06-19T11:58:36.522027Z
TRG04,2027,07,1449-01-30,1814737020,1814737620,1814742060,1814743560,1814764500,1814776800,1814786700,1814791200,2026-06-19T11:58:36.522027Z,2026-06-19T11:58:36.522027Z
TRG04,2027,07,1449-02-01,1814823420,1814824020,1814828520,1814830020,1814850900,1814863200,1814873100,1814877600,2026-06-19T11:58:36.522027Z,2026-06-19T11:58:36.522027Z
TRG04,2027,07,1449-02-02,1814909820,1814910420,1814914920,1814916420,1814937300,1814949600,1814959500,1814964000,2026-06-19T11:58:36.522027Z,2026-06-19T11:58:36.522027Z
TRG04,2027,07,1449-02-03,1814996280,1814996880,1815001320,1815002820,1815023700,1815036000,1815045900,1815050400,2026-06-19T11:58:36.522027Z,2026-06-19T11:58:36.522027Z
TRG04,2027,07,1449-02-04,1815082680,1815083280,1815087720,1815089220,1815110100,1815122400,1815132300,1815136800,2026-06-19T11:58:36.522027Z,2026-06-19T11:58:36.522027Z
TRG04,2027,07,1449-02-05,1815169080,1815169680,1815174120,1815175620,1815196500,1815208800,1815218700,1815223260,2026-06-19T11:58:36.522027Z,2026-06-19T11:58:36.522027Z
TRG04,2027,07,1449-02-06,1815255480,1815256080,1815260580,1815262080,1815282960,1815295200,1815305100,1815309660,2026-06-19T11:58:36.522027Z,2026-06-19T11:58:36.522027Z
TRG04,2027,07,1449-02-07,1815341940,1815342540,1815346980,1815348480,1815369360,1815381660,1815391560,1815396060,2026-06-19T11:58:36.522027Z,2026-06-19T11:58:36.522027Z
TRG04,2027,07,1449-02-08,1815428340,1815428940,1815433380,1815434880,1815455760,1815468060,1815477960,1815482460,2026-06-19T11:58:36.522027Z,2026-06-19T11:58:36.522027Z
TRG04,2027,07,1449-02-09,1815514740,1815515340,1815519780,1815521280,1815542160,1815554400,1815564360,1815568800,2026-06-19T11:58:36.522027Z,2026-06-19T11:58:36.522027Z
TRG04,2027,07,1449-02-10,1815601140,1815601740,1815606180,1815607680,1815628560,1815640800,1815650760,1815655200,2026-06-19T11:58:36.522027Z,2026-06-19T11:58:36.522027Z
TRG04,2027,07,1449-02-11,1815687600,1815688200,1815692580,1815694080,1815714960,1815727200,1815737160,1815741600,2026-06-19T11:58:36.522027Z,2026-06-19T11:58:36.522027Z
TRG04,2027,07,1449-02-12,1815774000,1815774600,1815779040,1815780540,1815801360,1815813600,1815823560,1815828000,2026-06-19T11:58:36.522027Z,2026-06-19T11:58:36.522027Z
TRG04,2027,07,1449-02-13,1815860400,1815861000,1815865440,1815866940,1815887760,1815900000,1815909960,1815914400,2026-06-19T11:58:36.522027Z,2026-06-19T11:58:36.522027Z
TRG04,2027,07,1449-02-14,1815946800,1815947400,1815951840,1815953340,1815974160,1815986400,1815996360,1816000800,2026-06-19T11:58:36.522027Z,2026-06-19T11:58:36.522027Z
TRG04,2027,07,1449-02-15,1816033260,1816033860,1816038240,1816039740,1816060560,1816072800,1816082760,1816087200,2026-06-19T11:58:36.522027Z,2026-06-19T11:58:36.522027Z
TRG04,2027,07,1449-02-16,1816119660,1816120260,1816124640,1816126140,1816147020,1816159200,1816169160,1816173600,2026-06-19T11:58:36.522027Z,2026-06-19T11:58:36.522027Z
TRG04,2027,07,1449-02-17,1816206060,1816206660,1816211040,1816212540,1816233420,1816245600,1816255560,1816260000,2026-06-19T11:58:36.522027Z,2026-06-19T11:58:36.522027Z
TRG04,2027,07,1449-02-18,1816292460,1816293060,1816297440,1816298940,1816319820,1816332000,1816341960,1816346400,2026-06-19T11:58:36.522027Z,2026-06-19T11:58:36.522027Z
TRG04,2027,07,1449-02-19,1816378920,1816379520,1816383840,1816385340,1816406220,1816418340,1816428360,1816432740,2026-06-19T11:58:36.522027Z,2026-06-19T11:58:36.522027Z
TRG04,2027,07,1449-02-20,1816465320,1816465920,1816470300,1816471800,1816492620,1816504740,1816514760,1816519140,2026-06-19T11:58:36.522027Z,2026-06-19T11:58:36.522027Z
TRG04,2027,07,1449-02-21,1816551720,1816552320,1816556700,1816558200,1816579020,1816591140,1816601160,1816605540,2026-06-19T11:58:36.522027Z,2026-06-19T11:58:36.522027Z
TRG04,2027,07,1449-02-22,1816638120,1816638720,1816643100,1816644600,1816665420,1816677540,1816687500,1816691940,2026-06-19T11:58:36.522027Z,2026-06-19T11:58:36.522027Z
TRG04,2027,07,1449-02-23,1816724520,1816725120,1816729500,1816731000,1816751820,1816763940,1816773900,1816778340,2026-06-19T11:58:36.522027Z,2026-06-19T11:58:36.522027Z
TRG04,2027,07,1449-02-24,1816810980,1816811580,1816815900,1816817400,1816838220,1816850280,1816860300,1816864680,2026-06-19T11:58:36.522027Z,2026-06-19T11:58:36.522027Z
TRG04,2027,07,1449-02-25,1816897380,1816897980,1816902300,1816903800,1816924620,1816936680,1816946700,1816951080,2026-06-19T11:58:36.522027Z,2026-06-19T11:58:36.522027Z
TRG04,2027,07,1449-02-26,1816983780,1816984380,1816988700,1816990200,1817011020,1817023080,1817033100,1817037480,2026-06-19T11:58:36.522027Z,2026-06-19T11:58:36.522027Z
TRG04,2027,08,1449-02-27,1817070180,1817070780,1817075100,1817076600,1817097360,1817109420,1817119500,1817123880,2026-06-19T11:58:36.522027Z,2026-06-19T11:58:36.522027Z
TRG04,2027,08,1449-02-28,1817156580,1817157180,1817161500,1817163000,1817183760,1817195820,1817205900,1817210220,2026-06-19T11:58:36.522027Z,2026-06-19T11:58:36.522027Z
TRG04,2027,08,1449-02-29,1817242980,1817243580,1817247900,1817249400,1817270160,1817282220,1817292240,1817296620,2026-06-19T11:58:36.522027Z,2026-06-19T11:58:36.522027Z
TRG04,2027,08,1449-03-01,1817329380,1817329980,1817334300,1817335800,1817356560,1817368560,1817378640,1817383020,2026-06-19T11:58:36.522027Z,2026-06-19T11:58:36.522027Z
TRG04,2027,08,1449-03-02,1817415840,1817416440,1817420700,1817422200,1817442960,1817454960,1817465040,1817469420,2026-06-19T11:58:36.522027Z,2026-06-19T11:58:36.522027Z
TRG04,2027,08,1449-03-03,1817502240,1817502840,1817507100,1817508600,1817529360,1817541300,1817551440,1817555760,2026-06-19T11:58:36.522027Z,2026-06-19T11:58:36.522027Z
TRG04,2027,08,1449-03-04,1817588640,1817589240,1817593500,1817595000,1817615760,1817627700,1817637840,1817642160,2026-06-19T11:58:36.522027Z,2026-06-19T11:58:36.522027Z
TRG04,2027,08,1449-03-05,1817675040,1817675640,1817679900,1817681400,1817702160,1817714100,1817724180,1817728560,2026-06-19T11:58:36.522027Z,2026-06-19T11:58:36.522027Z
TRG04,2027,08,1449-03-06,1817761440,1817762040,1817766300,1817767800,1817788560,1817800440,1817810580,1817814900,2026-06-19T11:58:36.522027Z,2026-06-19T11:58:36.522027Z
TRG04,2027,08,1449-03-07,1817847840,1817848440,1817852700,1817854200,1817874960,1817886840,1817896980,1817901300,2026-06-19T11:58:36.522027Z,2026-06-19T11:58:36.522027Z
TRG04,2027,08,1449-03-08,1817934240,1817934840,1817939100,1817940600,1817961300,1817973180,1817983380,1817987700,2026-06-19T11:58:36.522027Z,2026-06-19T11:58:36.522027Z
TRG04,2027,08,1449-03-09,1818020640,1818021240,1818025500,1818027000,1818047700,1818059520,1818069720,1818074040,2026-06-19T11:58:36.522027Z,2026-06-19T11:58:36.522027Z
TRG04,2027,08,1449-03-10,1818107040,1818107640,1818111900,1818113400,1818134100,1818145920,1818156120,1818160440,2026-06-19T11:58:36.522027Z,2026-06-19T11:58:36.522027Z
TRG04,2027,08,1449-03-11,1818193440,1818194040,1818198300,1818199800,1818220500,1818232260,1818242520,1818246780,2026-06-19T11:58:36.522027Z,2026-06-19T11:58:36.522027Z
TRG04,2027,08,1449-03-12,1818279840,1818280440,1818284700,1818286200,1818306900,1818318660,1818328920,1818333180,2026-06-19T11:58:36.522027Z,2026-06-19T11:58:36.522027Z
TRG04,2027,08,1449-03-13,1818366240,1818366840,1818371100,1818372600,1818393300,1818405000,1818415260,1818419580,2026-06-19T11:58:36.522027Z,2026-06-19T11:58:36.522027Z
TRG04,2027,08,1449-03-14,1818452640,1818453240,1818457440,1818458940,1818479640,1818491340,1818501660,1818505920,2026-06-19T11:58:36.522027Z,2026-06-19T11:58:36.522027Z
TRG04,2027,08,1449-03-15,1818539040,1818539640,1818543840,1818545340,1818566040,1818577740,1818588060,1818592320,2026-06-19T11:58:36.522027Z,2026-06-19T11:58:36.522027Z
TRG04,2027,08,1449-03-16,1818625440,1818626040,1818630240,1818631740,1818652440,1818664080,1818674400,1818678660,2026-06-19T11:58:36.522027Z,2026-06-19T11:58:36.522027Z
TRG04,2027,08,1449-03-17,1818711840,1818712440,1818716640,1818718140,1818738840,1818750420,1818760800,1818765060,2026-06-19T11:58:36.522027Z,2026-06-19T11:58:36.522027Z
TRG04,2027,08,1449-03-18,1818798240,1818798840,1818803040,1818804540,1818825180,1818836820,1818847200,1818851400,2026-06-19T11:58:36.522027Z,2026-06-19T11:58:36.522027Z
TRG04,2027,08,1449-03-19,1818884640,1818885240,1818889440,1818890940,1818911580,1818923160,1818933540,1818937800,2026-06-19T11:58:36.522027Z,2026-06-19T11:58:36.522027Z
TRG04,2027,08,1449-03-20,1818971040,1818971640,1818975840,1818977340,1818997980,1819009500,1819019940,1819024140,2026-06-19T11:58:36.522027Z,2026-06-19T11:58:36.522027Z
TRG04,2027,08,1449-03-21,1819057440,1819058040,1819062240,1819063740,1819084380,1819095840,1819106280,1819110540,2026-06-19T11:58:36.522027Z,2026-06-19T11:58:36.522027Z
TRG04,2027,08,1449-03-22,1819143840,1819144440,1819148580,1819150080,1819170720,1819182240,1819192680,1819196880,2026-06-19T11:58:36.522027Z,2026-06-19T11:58:36.522027Z
TRG04,2027,08,1449-03-23,1819230240,1819230840,1819234980,1819236480,1819257120,1819268580,1819279080,1819283280,2026-06-19T11:58:36.522027Z,2026-06-19T11:58:36.522027Z
TRG04,2027,08,1449-03-24,1819316640,1819317240,1819321380,1819322880,1819343520,1819354920,1819365420,1819369620,2026-06-19T11:58:36.522027Z,2026-06-19T11:58:36.522027Z
TRG04,2027,08,1449-03-25,1819403040,1819403640,1819407780,1819409280,1819429860,1819441260,1819451820,1819456020,2026-06-19T11:58:36.522027Z,2026-06-19T11:58:36.522027Z
TRG04,2027,08,1449-03-26,1819489440,1819490040,1819494180,1819495680,1819516260,1819527600,1819538160,1819542360,2026-06-19T11:58:36.522027Z,2026-06-19T11:58:36.522027Z
TRG04,2027,08,1449-03-27,1819575840,1819576440,1819580580,1819582080,1819602660,1819613940,1819624560,1819628760,2026-06-19T11:58:36.522027Z,2026-06-19T11:58:36.522027Z
TRG04,2027,08,1449-03-28,1819662180,1819662780,1819666920,1819668420,1819689060,1819700280,1819710960,1819715100,2026-06-19T11:58:36.522027Z,2026-06-19T11:58:36.522027Z
TRG04,2027,09,1449-03-29,1819748580,1819749180,1819753320,1819754820,1819775400,1819786620,1819797300,1819801500,2026-06-19T11:58:36.522027Z,2026-06-19T11:58:36.522027Z
TRG04,2027,09,1449-04-01,1819834980,1819835580,1819839720,1819841220,1819861800,1819872960,1819883700,1819887840,2026-06-19T11:58:36.522027Z,2026-06-19T11:58:36.522027Z
TRG04,2027,09,1449-04-02,1819921380,1819921980,1819926120,1819927620,1819948200,1819959300,1819970040,1819974240,2026-06-19T11:58:36.522027Z,2026-06-19T11:58:36.522027Z
TRG04,2027,09,1449-04-03,1820007780,1820008380,1820012520,1820014020,1820034540,1820045640,1820056440,1820060580,2026-06-19T11:58:36.522027Z,2026-06-19T11:58:36.522027Z
TRG04,2027,09,1449-04-04,1820094180,1820094780,1820098860,1820100360,1820120940,1820131980,1820142780,1820146980,2026-06-19T11:58:36.522027Z,2026-06-19T11:58:36.522027Z
TRG04,2027,09,1449-04-05,1820180580,1820181180,1820185260,1820186760,1820207340,1820218320,1820229180,1820233320,2026-06-19T11:58:36.522027Z,2026-06-19T11:58:36.522027Z
TRG04,2027,09,1449-04-06,1820266920,1820267520,1820271660,1820273160,1820293680,1820304660,1820315580,1820319720,2026-06-19T11:58:36.522027Z,2026-06-19T11:58:36.522027Z
TRG04,2027,09,1449-04-07,1820353320,1820353920,1820358060,1820359560,1820380080,1820391000,1820401920,1820406060,2026-06-19T11:58:36.522027Z,2026-06-19T11:58:36.522027Z
TRG04,2027,09,1449-04-08,1820439720,1820440320,1820444400,1820445900,1820466480,1820477340,1820488320,1820492460,2026-06-19T11:58:36.522027Z,2026-06-19T11:58:36.522027Z
TRG04,2027,09,1449-04-09,1820526120,1820526720,1820530800,1820532300,1820552820,1820563680,1820574660,1820578800,2026-06-19T11:58:36.522027Z,2026-06-19T11:58:36.522027Z
TRG04,2027,09,1449-04-10,1820612520,1820613120,1820617200,1820618700,1820639220,1820650020,1820661060,1820665200,2026-06-19T11:58:36.522027Z,2026-06-19T11:58:36.522027Z
TRG04,2027,09,1449-04-11,1820698920,1820699520,1820703600,1820705100,1820725620,1820736420,1820747400,1820751540,2026-06-19T11:58:36.522027Z,2026-06-19T11:58:36.522027Z
TRG04,2027,09,1449-04-12,1820785260,1820785860,1820790000,1820791500,1820811960,1820822820,1820833800,1820837940,2026-06-19T11:58:36.522027Z,2026-06-19T11:58:36.522027Z
TRG04,2027,09,1449-04-13,1820871660,1820872260,1820876340,1820877840,1820898360,1820909220,1820920140,1820924280,2026-06-19T11:58:36.522027Z,2026-06-19T11:58:36.522027Z
TRG04,2027,09,1449-04-14,1820958060,1820958660,1820962740,1820964240,1820984760,1820995680,1821006540,1821010680,2026-06-19T11:58:36.522027Z,2026-06-19T11:58:36.522027Z
TRG04,2027,09,1449-04-15,1821044460,1821045060,1821049140,1821050640,1821071100,1821082080,1821092880,1821097020,2026-06-19T11:58:36.522027Z,2026-06-19T11:58:36.522027Z
TRG04,2027,09,1449-04-16,1821130860,1821131460,1821135540,1821137040,1821157500,1821168480,1821179280,1821183420,2026-06-19T11:58:36.522027Z,2026-06-19T11:58:36.522027Z
TRG04,2027,09,1449-04-17,1821217200,1821217800,1821221880,1821223380,1821243840,1821254880,1821265620,1821269760,2026-06-19T11:58:36.522027Z,2026-06-19T11:58:36.522027Z
TRG04,2027,09,1449-04-18,1821303600,1821304200,1821308280,1821309780,1821330240,1821341340,1821352020,1821356160,2026-06-19T11:58:36.522027Z,2026-06-19T11:58:36.522027Z
TRG04,2027,09,1449-04-19,1821390000,1821390600,1821394680,1821396180,1821416640,1821427740,1821438360,1821442500,2026-06-19T11:58:36.522027Z,2026-06-19T11:58:36.522027Z
TRG04,2027,09,1449-04-20,1821476400,1821477000,1821481080,1821482580,1821502980,1821514140,1821524760,1821528900,2026-06-19T11:58:36.522027Z,2026-06-19T11:58:36.522027Z
TRG04,2027,09,1449-04-21,1821562800,1821563400,1821567420,1821568920,1821589380,1821600540,1821611100,1821615240,2026-06-19T11:58:36.522027Z,2026-06-19T11:58:36.522027Z
TRG04,2027,09,1449-04-22,1821649140,1821649740,1821653820,1821655320,1821675780,1821687000,1821697500,1821701640,2026-06-19T11:58:36.522027Z,2026-06-19T11:58:36.522027Z
TRG04,2027,09,1449-04-23,1821735540,1821736140,1821740220,1821741720,1821762120,1821773400,1821783840,1821787980,2026-06-19T11:58:36.522027Z,2026-06-19T11:58:36.522027Z
TRG04,2027,09,1449-04-24,1821821940,1821822540,1821826620,1821828120,1821848520,1821859800,1821870240,1821874380,2026-06-19T11:58:36.522027Z,2026-06-19T11:58:36.522027Z
TRG04,2027,09,1449-04-25,1821908340,1821908940,1821913020,1821914520,1821934920,1821946200,1821956580,1821960720,2026-06-19T11:58:36.522027Z,2026-06-19T11:58:36.522027Z
TRG04,2027,09,1449-04-26,1821994680,1821995280,1821999360,1822000860,1822021260,1822032600,1822042980,1822047120,2026-06-19T11:58:36.522027Z,2026-06-19T11:58:36.522027Z
TRG04,2027,09,1449-04-27,1822081080,1822081680,1822085760,1822087260,1822107660,1822119060,1822129380,1822133460,2026-06-19T11:58:36.522027Z,2026-06-19T11:58:36.522027Z
TRG04,2027,09,1449-04-28,1822167480,1822168080,1822172160,1822173660,1822194060,1822205460,1822215720,1822219860,2026-06-19T11:58:36.522027Z,2026-06-19T11:58:36.522027Z
TRG04,2027,09,1449-04-29,1822253880,1822254480,1822258560,1822260060,1822280400,1822291860,1822302120,1822306260,2026-06-19T11:58:36.522027Z,2026-06-19T11:58:36.522027Z
TRG04,2027,10,1449-04-30,1822340280,1822340880,1822344900,1822346400,1822366800,1822378260,1822388460,1822392600,2026-06-19T11:58:36.522027Z,2026-06-19T11:58:36.522027Z
TRG04,2027,10,1449-05-01,1822426620,1822427220,1822431300,1822432800,1822453200,1822464660,1822474860,1822479000,2026-06-19T11:58:36.522027Z,2026-06-19T11:58:36.522027Z
TRG04,2027,10,1449-05-02,1822513020,1822513620,1822517700,1822519200,1822539540,1822551060,1822561200,1822565340,2026-06-19T11:58:36.522027Z,2026-06-19T11:58:36.522027Z
TRG04,2027,10,1449-05-03,1822599420,1822600020,1822604100,1822605600,1822625940,1822637460,1822647600,1822651740,2026-06-19T11:58:36.522027Z,2026-06-19T11:58:36.522027Z
TRG04,2027,10,1449-05-04,1822685820,1822686420,1822690500,1822692000,1822712340,1822723860,1822733940,1822738140,2026-06-19T11:58:36.522027Z,2026-06-19T11:58:36.522027Z
TRG04,2027,10,1449-05-05,1822772160,1822772760,1822776900,1822778400,1822798680,1822810320,1822820340,1822824480,2026-06-19T11:58:36.522027Z,2026-06-19T11:58:36.522027Z
TRG04,2027,10,1449-05-06,1822858560,1822859160,1822863240,1822864740,1822885080,1822896720,1822906740,1822910880,2026-06-19T11:58:36.522027Z,2026-06-19T11:58:36.522027Z
TRG04,2027,10,1449-05-07,1822944960,1822945560,1822949640,1822951140,1822971480,1822983120,1822993080,1822997220,2026-06-19T11:58:36.522027Z,2026-06-19T11:58:36.522027Z
TRG04,2027,10,1449-05-08,1823031360,1823031960,1823036040,1823037540,1823057880,1823069520,1823079480,1823083620,2026-06-19T11:58:36.522027Z,2026-06-19T11:58:36.522027Z
TRG04,2027,10,1449-05-09,1823117760,1823118360,1823122440,1823123940,1823144220,1823155920,1823165820,1823170020,2026-06-19T11:58:36.522027Z,2026-06-19T11:58:36.522027Z
TRG04,2027,10,1449-05-10,1823204100,1823204700,1823208840,1823210340,1823230620,1823242320,1823252220,1823256360,2026-06-19T11:58:36.522027Z,2026-06-19T11:58:36.522027Z
TRG04,2027,10,1449-05-11,1823290500,1823291100,1823295240,1823296740,1823317020,1823328720,1823338620,1823342760,2026-06-19T11:58:36.522027Z,2026-06-19T11:58:36.522027Z
TRG04,2027,10,1449-05-12,1823376900,1823377500,1823381580,1823383080,1823403360,1823415120,1823424960,1823429160,2026-06-19T11:58:36.522027Z,2026-06-19T11:58:36.522027Z
TRG04,2027,10,1449-05-13,1823463300,1823463900,1823467980,1823469480,1823489760,1823501520,1823511360,1823515500,2026-06-19T11:58:36.522027Z,2026-06-19T11:58:36.522027Z
TRG04,2027,10,1449-05-14,1823549700,1823550300,1823554380,1823555880,1823576160,1823587920,1823597760,1823601900,2026-06-19T11:58:36.522027Z,2026-06-19T11:58:36.522027Z
TRG04,2027,10,1449-05-15,1823636100,1823636700,1823640780,1823642280,1823662560,1823674320,1823684100,1823688300,2026-06-19T11:58:36.522027Z,2026-06-19T11:58:36.522027Z
TRG04,2027,10,1449-05-16,1823722440,1823723040,1823727180,1823728680,1823748960,1823760720,1823770500,1823774700,2026-06-19T11:58:36.522027Z,2026-06-19T11:58:36.522027Z
TRG04,2027,10,1449-05-17,1823808840,1823809440,1823813580,1823815080,1823835300,1823847180,1823856900,1823861040,2026-06-19T11:58:36.522027Z,2026-06-19T11:58:36.522027Z
TRG04,2027,10,1449-05-18,1823895240,1823895840,1823899980,1823901480,1823921700,1823933580,1823943240,1823947440,2026-06-19T11:58:36.522027Z,2026-06-19T11:58:36.522027Z
TRG04,2027,10,1449-05-19,1823981640,1823982240,1823986380,1823987880,1824008100,1824019980,1824029640,1824033840,2026-06-19T11:58:36.522027Z,2026-06-19T11:58:36.522027Z
TRG04,2027,10,1449-05-20,1824068040,1824068640,1824072780,1824074280,1824094500,1824106380,1824116040,1824120240,2026-06-19T11:58:36.522027Z,2026-06-19T11:58:36.522027Z
TRG04,2027,10,1449-05-21,1824154440,1824155040,1824159180,1824160680,1824180900,1824192780,1824202380,1824206640,2026-06-19T11:58:36.522027Z,2026-06-19T11:58:36.522027Z
TRG04,2027,10,1449-05-22,1824240840,1824241440,1824245580,1824247080,1824267240,1824279180,1824288780,1824292980,2026-06-19T11:58:36.522027Z,2026-06-19T11:58:36.522027Z
TRG04,2027,10,1449-05-23,1824327180,1824327780,1824331980,1824333480,1824353640,1824365580,1824375180,1824379380,2026-06-19T11:58:36.522027Z,2026-06-19T11:58:36.522027Z
TRG04,2027,10,1449-05-24,1824413580,1824414180,1824418380,1824419880,1824440040,1824451980,1824461580,1824465780,2026-06-19T11:58:36.522027Z,2026-06-19T11:58:36.522027Z
TRG04,2027,10,1449-05-25,1824499980,1824500580,1824504780,1824506280,1824526440,1824538380,1824547920,1824552180,2026-06-19T11:58:36.522027Z,2026-06-19T11:58:36.522027Z
TRG04,2027,10,1449-05-26,1824586380,1824586980,1824591180,1824592680,1824612840,1824624780,1824634320,1824638580,2026-06-19T11:58:36.522027Z,2026-06-19T11:58:36.522027Z
TRG04,2027,10,1449-05-27,1824672780,1824673380,1824677580,1824679080,1824699240,1824711180,1824720720,1824724980,2026-06-19T11:58:36.522027Z,2026-06-19T11:58:36.522027Z
TRG04,2027,10,1449-05-28,1824759180,1824759780,1824763980,1824765480,1824785640,1824797580,1824807120,1824811380,2026-06-19T11:58:36.522027Z,2026-06-19T11:58:36.522027Z
TRG04,2027,10,1449-05-29,1824845580,1824846180,1824850380,1824851880,1824872040,1824884040,1824893520,1824897780,2026-06-19T11:58:36.522027Z,2026-06-19T11:58:36.522027Z
TRG04,2027,10,1449-06-01,1824931980,1824932580,1824936780,1824938280,1824958440,1824970440,1824979920,1824984120,2026-06-19T11:58:36.522027Z,2026-06-19T11:58:36.522027Z
TRG04,2027,11,1449-06-02,1825018380,1825018980,1825023180,1825024680,1825044840,1825056840,1825066260,1825070520,2026-06-19T11:58:36.522027Z,2026-06-19T11:58:36.522027Z
TRG04,2027,11,1449-06-03,1825104780,1825105380,1825109580,1825111080,1825131240,1825143240,1825152660,1825156920,2026-06-19T11:58:36.522027Z,2026-06-19T11:58:36.522027Z
TRG04,2027,11,1449-06-04,1825191180,1825191780,1825195980,1825197480,1825217640,1825229640,1825239060,1825243320,2026-06-19T11:58:36.522027Z,2026-06-19T11:58:36.522027Z
TRG04,2027,11,1449-06-05,1825277580,1825278180,1825282380,1825283880,1825304040,1825316040,1825325460,1825329720,2026-06-19T11:58:36.522027Z,2026-06-19T11:58:36.522027Z
TRG04,2027,11,1449-06-06,1825363980,1825364580,1825368780,1825370280,1825390440,1825402440,1825411860,1825416120,2026-06-19T11:58:36.522027Z,2026-06-19T11:58:36.522027Z
TRG04,2027,11,1449-06-07,1825450380,1825450980,1825455180,1825456680,1825476840,1825488840,1825498260,1825502520,2026-06-19T11:58:36.522027Z,2026-06-19T11:58:36.522027Z
TRG04,2027,11,1449-06-08,1825536780,1825537380,1825541580,1825543080,1825563240,1825575300,1825584660,1825588980,2026-06-19T11:58:36.522027Z,2026-06-19T11:58:36.522027Z
TRG04,2027,11,1449-06-09,1825623180,1825623780,1825628040,1825629540,1825649640,1825661700,1825671060,1825675380,2026-06-19T11:58:36.522027Z,2026-06-19T11:58:36.522027Z
TRG04,2027,11,1449-06-10,1825709580,1825710180,1825714440,1825715940,1825736040,1825748100,1825757460,1825761780,2026-06-19T11:58:36.522027Z,2026-06-19T11:58:36.522027Z
TRG04,2027,11,1449-06-11,1825795980,1825796580,1825800840,1825802340,1825822440,1825834500,1825843860,1825848180,2026-06-19T11:58:36.522027Z,2026-06-19T11:58:36.522027Z
TRG04,2027,11,1449-06-12,1825882380,1825882980,1825887240,1825888740,1825908840,1825920900,1825930260,1825934580,2026-06-19T11:58:36.522027Z,2026-06-19T11:58:36.522027Z
TRG04,2027,11,1449-06-13,1825968780,1825969380,1825973640,1825975140,1825995240,1826007300,1826016660,1826020980,2026-06-19T11:58:36.522027Z,2026-06-19T11:58:36.522027Z
TRG04,2027,11,1449-06-14,1826055180,1826055780,1826060100,1826061600,1826081640,1826093760,1826103060,1826107380,2026-06-19T11:58:36.522027Z,2026-06-19T11:58:36.522027Z
TRG04,2027,11,1449-06-15,1826141580,1826142180,1826146500,1826148000,1826168040,1826180160,1826189460,1826193780,2026-06-19T11:58:36.522027Z,2026-06-19T11:58:36.522027Z
TRG04,2027,11,1449-06-16,1826228040,1826228640,1826232900,1826234400,1826254500,1826266560,1826275860,1826280180,2026-06-19T11:58:36.522027Z,2026-06-19T11:58:36.522027Z
TRG04,2027,11,1449-06-17,1826314440,1826315040,1826319300,1826320800,1826340900,1826352960,1826362260,1826366640,2026-06-19T11:58:36.522027Z,2026-06-19T11:58:36.522027Z
TRG04,2027,11,1449-06-18,1826400840,1826401440,1826405760,1826407260,1826427300,1826439420,1826448660,1826453040,2026-06-19T11:58:36.522027Z,2026-06-19T11:58:36.522027Z
TRG04,2027,11,1449-06-19,1826487240,1826487840,1826492160,1826493660,1826513700,1826525820,1826535060,1826539440,2026-06-19T11:58:36.522027Z,2026-06-19T11:58:36.522027Z
TRG04,2027,11,1449-06-20,1826573640,1826574240,1826578560,1826580060,1826600100,1826612220,1826621460,1826625840,2026-06-19T11:58:36.522027Z,2026-06-19T11:58:36.522027Z
TRG04,2027,11,1449-06-21,1826660040,1826660640,1826664960,1826666460,1826686560,1826698620,1826707920,1826712300,2026-06-19T11:58:36.522027Z,2026-06-19T11:58:36.522027Z
TRG04,2027,11,1449-06-22,1826746500,1826747100,1826751420,1826752920,1826772960,1826785080,1826794320,1826798700,2026-06-19T11:58:36.522027Z,2026-06-19T11:58:36.522027Z
TRG04,2027,11,1449-06-23,1826832900,1826833500,1826837820,1826839320,1826859360,1826871480,1826880720,1826885100,2026-06-19T11:58:36.522027Z,2026-06-19T11:58:36.522027Z
TRG04,2027,11,1449-06-24,1826919300,1826919900,1826924220,1826925720,1826945760,1826957880,1826967120,1826971500,2026-06-19T11:58:36.522027Z,2026-06-19T11:58:36.522027Z
TRG04,2027,11,1449-06-25,1827005700,1827006300,1827010680,1827012180,1827032220,1827044340,1827053520,1827057960,2026-06-19T11:58:36.522027Z,2026-06-19T11:58:36.522027Z
TRG04,2027,11,1449-06-26,1827092160,1827092760,1827097080,1827098580,1827118620,1827130740,1827139980,1827144360,2026-06-19T11:58:36.522027Z,2026-06-19T11:58:36.522027Z
TRG04,2027,11,1449-06-27,1827178560,1827179160,1827183480,1827184980,1827205020,1827217140,1827226380,1827230760,2026-06-19T11:58:36.522027Z,2026-06-19T11:58:36.522027Z
TRG04,2027,11,1449-06-28,1827264960,1827265560,1827269940,1827271440,1827291480,1827303600,1827312780,1827317220,2026-06-19T11:58:36.522027Z,2026-06-19T11:58:36.522027Z
TRG04,2027,11,1449-06-29,1827351420,1827352020,1827356340,1827357840,1827377880,1827390000,1827399180,1827403620,2026-06-19T11:58:36.522027Z,2026-06-19T11:58:36.522027Z
TRG04,2027,11,1449-06-30,1827437820,1827438420,1827442800,1827444300,1827464280,1827476400,1827485640,1827490020,2026-06-19T11:58:36.522027Z,2026-06-19T11:58:36.522027Z
TRG04,2027,11,1449-07-01,1827524220,1827524820,1827529200,1827530700,1827550740,1827562860,1827572040,1827576480,2026-06-19T11:58:36.522027Z,2026-06-19T11:58:36.522027Z
TRG04,2027,12,1449-07-02,1827610620,1827611220,1827615600,1827617100,1827637140,1827649260,1827658440,1827662880,2026-06-19T11:58:36.522027Z,2026-06-19T11:58:36.522027Z
TRG04,2027,12,1449-07-03,1827697080,1827697680,1827702060,1827703560,1827723540,1827735660,1827744900,1827749340,2026-06-19T11:58:36.522027Z,2026-06-19T11:58:36.522027Z
TRG04,2027,12,1449-07-04,1827783480,1827784080,1827788460,1827789960,1827810000,1827822120,1827831300,1827835740,2026-06-19T11:58:36.522027Z,2026-06-19T11:58:36.522027Z
TRG04,2027,12,1449-07-05,1827869940,1827870540,1827874920,1827876420,1827896400,1827908520,1827917700,1827922140,2026-06-19T11:58:36.522027Z,2026-06-19T11:58:36.522027Z
TRG04,2027,12,1449-07-06,1827956340,1827956940,1827961320,1827962820,1827982800,1827994980,1828004160,1828008600,2026-06-19T11:58:36.522027Z,2026-06-19T11:58:36.522027Z
TRG04,2027,12,1449-07-07,1828042740,1828043340,1828047780,1828049280,1828069260,1828081380,1828090560,1828095000,2026-06-19T11:58:36.522027Z,2026-06-19T11:58:36.522027Z
TRG04,2027,12,1449-07-08,1828129200,1828129800,1828134180,1828135680,1828155660,1828167780,1828176960,1828181460,2026-06-19T11:58:36.522027Z,2026-06-19T11:58:36.522027Z
TRG04,2027,12,1449-07-09,1828215600,1828216200,1828220640,1828222140,1828242120,1828254240,1828263420,1828267860,2026-06-19T11:58:36.522027Z,2026-06-19T11:58:36.522027Z
TRG04,2027,12,1449-07-10,1828302060,1828302660,1828307040,1828308540,1828328520,1828340640,1828349820,1828354320,2026-06-19T11:58:36.522027Z,2026-06-19T11:58:36.522027Z
TRG04,2027,12,1449-07-11,1828388460,1828389060,1828393500,1828395000,1828414980,1828427100,1828436280,1828440720,2026-06-19T11:58:36.522027Z,2026-06-19T11:58:36.522027Z
TRG04,2027,12,1449-07-12,1828474860,1828475460,1828479900,1828481400,1828501380,1828513500,1828522680,1828527180,2026-06-19T11:58:36.522027Z,2026-06-19T11:58:36.522027Z
TRG04,2027,12,1449-07-13,1828561320,1828561920,1828566360,1828567860,1828587840,1828599960,1828609080,1828613580,2026-06-19T11:58:36.522027Z,2026-06-19T11:58:36.522027Z
TRG04,2027,12,1449-07-14,1828647720,1828648320,1828652760,1828654260,1828674240,1828686360,1828695540,1828700040,2026-06-19T11:58:36.522027Z,2026-06-19T11:58:36.522027Z
TRG04,2027,12,1449-07-15,1828734180,1828734780,1828739220,1828740720,1828760640,1828772820,1828781940,1828786440,2026-06-19T11:58:36.522027Z,2026-06-19T11:58:36.522027Z
TRG04,2027,12,1449-07-16,1828820580,1828821180,1828825620,1828827120,1828847100,1828859220,1828868400,1828872900,2026-06-19T11:58:36.522027Z,2026-06-19T11:58:36.522027Z
TRG04,2027,12,1449-07-17,1828907040,1828907640,1828912080,1828913580,1828933500,1828945680,1828954800,1828959300,2026-06-19T11:58:36.522027Z,2026-06-19T11:58:36.522027Z
TRG04,2027,12,1449-07-18,1828993440,1828994040,1828998480,1828999980,1829019960,1829032080,1829041260,1829045760,2026-06-19T11:58:36.522027Z,2026-06-19T11:58:36.522027Z
TRG04,2027,12,1449-07-19,1829079900,1829080500,1829084940,1829086440,1829106360,1829118540,1829127660,1829132160,2026-06-19T11:58:36.522027Z,2026-06-19T11:58:36.522027Z
TRG04,2027,12,1449-07-20,1829166300,1829166900,1829171340,1829172840,1829192820,1829204940,1829214120,1829218620,2026-06-19T11:58:36.522027Z,2026-06-19T11:58:36.522027Z
TRG04,2027,12,1449-07-21,1829252760,1829253360,1829257800,1829259300,1829279220,1829291340,1829300520,1829305020,2026-06-19T11:58:36.522027Z,2026-06-19T11:58:36.522027Z
TRG04,2027,12,1449-07-22,1829339160,1829339760,1829344200,1829345700,1829365680,1829377800,1829386980,1829391480,2026-06-19T11:58:36.522027Z,2026-06-19T11:58:36.522027Z
TRG04,2027,12,1449-07-23,1829425620,1829426220,1829430660,1829432160,1829452080,1829464200,1829473380,1829477880,2026-06-19T11:58:36.522027Z,2026-06-19T11:58:36.522027Z
TRG04,2027,12,1449-07-24,1829512020,1829512620,1829517060,1829518560,1829538540,1829550660,1829559840,1829564340,2026-06-19T11:58:36.522027Z,2026-06-19T11:58:36.522027Z
TRG04,2027,12,1449-07-25,1829598480,1829599080,1829603460,1829604960,1829624940,1829637060,1829646240,1829650740,2026-06-19T11:58:36.522027Z,2026-06-19T11:58:36.522027Z
TRG04,2027,12,1449-07-26,1829684880,1829685480,1829689920,1829691420,1829711400,1829723520,1829732700,1829737200,2026-06-19T11:58:36.522027Z,2026-06-19T11:58:36.522027Z
TRG04,2027,12,1449-07-27,1829771340,1829771940,1829776320,1829777820,1829797800,1829809920,1829819100,1829823600,2026-06-19T11:58:36.522027Z,2026-06-19T11:58:36.522027Z
TRG04,2027,12,1449-07-28,1829857740,1829858340,1829862780,1829864280,1829884260,1829896380,1829905560,1829910060,2026-06-19T11:58:36.522027Z,2026-06-19T11:58:36.522027Z
TRG04,2027,12,1449-07-29,1829944200,1829944800,1829949180,1829950680,1829970660,1829982780,1829991960,1829996460,2026-06-19T11:58:36.522027Z,2026-06-19T11:58:36.522027Z
TRG04,2027,12,1449-08-01,1830030600,1830031200,1830035640,1830037140,1830057120,1830069240,1830078420,1830082860,2026-06-19T11:58:36.522027Z,2026-06-19T11:58:36.522027Z
TRG04,2027,12,1449-08-02,1830117060,1830117660,1830122040,1830123540,1830143520,1830155640,1830164820,1830169320,2026-06-19T11:58:36.522027Z,2026-06-19T11:58:36.522027Z
TRG04,2027,12,1449-08-03,1830203460,1830204060,1830208500,1830210000,1830229980,1830242100,1830251280,1830255720,2026-06-19T11:58:36.522027Z,2026-06-19T11:58:36.522027Z
